"BottleID","Producer","Name","Type","Year","Price","Qty","Bin","Ready","Rating"
"34","Calon-Segur (Ch.)","St. Estephe","Bordeaux","1995","35.00","1","E5",,
"2407","Opus One",,"Meritage","1991","98.00","1","F-2",,
"43","Clerc-Milon (Ch.)","Pauillac","Bordeaux","1989","24.86","2","7G, home(1)",,
"3019","Turley","Juvenile","Zinfandel","2016","24.65","8","Box T(3)-Box V(5)",,
"2886","Turley","Hayne","Zinfandel","2014","81.00","1","Box XX",,
"49","Clos De L Eglise",,"Pomerol","1990","18.40","1","I15",,"90+"
"2414","Nerelli","Generation 4","Syrah/Grenache Blend","2010","48.60","1","S -5","2015","88"
"59","Guigal, E.","Cote Rotie Brune Et Blonde","Rhone","1990","48.70","1","B7",,"$40 "
"2817","Turley","Montecillo","Cabernet Sauvignon","2013","74.20","2","I14",,
"63","Craig, Robert","Affinity","Meritage","1996","43.28","1","C14",,
"2977","Turley","Rattlesnake Ridge","Zinfandel","2015","0.00","2","Box JJ","   ","  "
"88","Gainey",,"Pinot Noir","1996","27.06","2","H10",,
"95","Gour de Chaule (Dom.)",,"Gigondas","1990","25.93","4","14L, M",,
"97","Grand Mayne (CH)",,"St-Emilion","1994","33.55","2","18B",,
"2566","Koehler","Red Quartette","Blend","2009","21.38","1","C-9",,
"104","Havens",,"Bourriquot/Meritage","1995","25.97","1","A14",,
"2510","Montelena (Ch.)","Napa","Chardonnay","2010","52.06","2","10R","  ","  "
"117","Lafite-Rothschild (CH)","Pauillac","Bordeaux","1993","59.54","1","F9","2000-20","86, $140"
"118","Lafon-Rochet (CH)",,"St-Estephe","1993","55.00","1","C17","2000-10","88, $40"
"2844","Williams Selyem","Russian River","Pinot Noir","2014","59.84","1","8N",,
"123","Leoville-Poyferre",,"St. Julien","1995","29.22","4","Shelf 2",,"$50 "
"125","Lewis Cellars",,"Merlot","1993","34.63","1","A1(1)",,
"126","Loudenne (CH)",,"Medoc","1994","25.00","1","E2",,
"2803","Bisci","Italian","Verdicchio","2014","15.05","7","B3-D3-D4",,
"2595","Turley","Library","Petite Syrah","2011","43.92","1","shelf 2R",,
"2594","Turley","Hayne","Petite Syrah","2011","84.25","1","shelf 2R",,
"134","Marquis de Terme",,"Margaux","1986","25.94","1","S8",,
"135","Marsan (CH)",,"Bordeaux","1995","30.00","1","E2",,
"139","Meyney (CH)",,"St-Estephe","1989","28.53","1","A6","after 96","93, RP90, $50"
"149","Montelena (Ch.)","Napa","Cab. Sauv.","1993","29.23","2","C5","00-11","94, $170"
"151","Mouton-Rothschild (Ch.)","Bordeaux","Pauillac","1988","66.16","1","D10","2000-20","$185.00 "
"152","Mouton-Rothschild (Ch.)",,"Pauillac","1981","81.19","1","I12",,"$150.00 "
"158","Murray, Andrew","Estate","Syrah","1995","22.80","2","I4",,
"165","Newton","(unfiltered)","Merlot","1996","48.60","1","1C",,
"172","Newton",,"Claret","1994","17.16","1","S-9",,
"173","Oakville Ranch",,"Cab. Sauv.","1992","25.97","1","H3",,"89+"
"175","Opus One",,"Meritage","1995","108.25","2","F-3",,"90+"
"178","Opus One",,"Meritage","1994","102.83","1","F-5",,"94"
"180","Opus One",,"Meritage","1993","86.59","1","F-1",,"93+-$175"
"183","Palmer (Ch.)","Margaux","Bordeaux","1989","54.89","3","B16, B17(1)","NOW-12","RP95; $180"
"184","Paradigm",,"Zinfandel","1995","37.87","1","H18",,
"185","Paradigm",,"Merlot","1995","37.87","1","H17","1999-05","91"
"186","Pavie (Ch.)","French","St-Emilion","1990","36.43","1","G-7",,
"187","Pavillon Rouge ","Margaux","Bordeaux","1986","77.81","1","S1","now","90+"
"190","Pez (Ch. de)","St. Estephe","Bordeaux","1990","20.51","3","D13, D14(1)","1998+","93"
"192","Phelps, Joseph","Insignia","Meritage","1995","60.00","1","home",,
"2550","Montelena (Ch.)","Estate","Cab. Sauv.","2009","83.84","2","G-12",,
"2967","Turley","Bedrock","Zinfandel","2015","0.00","2","Box HH","   ","  "
"198","Pontet-Canet",,"Pauillac","1995","24.89","4","19A + B",,"WS94, $50"
"206","Rausan-Segla (Ch.)","French","Margaux","1986","77.81","2","2A","now","94"
"207","Raymond","Reserve","Cab. Sauv.","1995","35.00","1","B7",,
"208","Reverie",,"Cab. Franc","1995","41.67","1","F6",,
"211","Rieussec (CH)","French","Sauternes","1984","43.09","1","2B","now","89"
"212","Rocking Horse","Rutherford","Cab. Sauv.","1992","14.02","1","H8",,
"216","Saint Francis",,"Cab. Sauv.","1994","27.05","1","I 13",,
"218","Savennieres Clos du Papillon","(Baumard)","Chenin Blanc","1996","25.96","2","C4","drink",
"224","Silverado",,"Cab. Sauv.","1992","18.35","2","F14","1998+",
"226","Smith Haut Lafite (CH.)",,"Bordeaux","1995","30.30","4","shelf 2",,
"3022","Turley","Rattlesnake Ridge","Zinfandel","2016","52.03","1","Box U",,
"228","Stags Leap","Napa Valley","Cab. Sauv.","1994","21.64","2","S-1",,
"231","Sterling","Reserve","Meritage","1994","40.00","1","H6",,
"236","Swanson",,"Cab. Sauv.","1991","20.56","2","G11",,"89"
"242","Treana",,"Meritage","1996","38.96","2","E8",,
"2591","Turley","Salvador","Zinfandel","2011","43.92","1","shelf 2R",,
"292","Whitcraft","Legrein","Meritage","1996","54.00","1","F2",,
"2502","Williams Selyem","Bucher","Pinot Noir","2009","62.26","1","18J",,
"297","York Creek","Red Wine","Meritage","1995","48.71","1","7J","now","89"
"323","Whitcraft","Legrein","Meritage","1997","30.00","1","F7(1)",,
"332","Murray, Andrew","Hillside Reserve","Syrah","1998","34.81","1","5Q(1)",,
"334","Gainey","Millenium Cuvee","Meritage","1997","41.14","1","D17",,
"336","Rosemont","Rhone Blend","Gren./Syr./Mouev.","1997","24.89","4","G10, G9.","now","87"
"342","Steltzner",,"Cab. Sauv.","1997","21.55","4","16D, E",,
"349","Constant","Diamond Mtn.","Bordeaux Blend","1996","162.38","1","B4(1)",,"$200 "
"366","Steltzner","Bar. Sel. Res.","Cab. Sauvignon","1997","37.71","2","home",,
"376","Gainey","Lim. Selection","Pinot Noir","1998","30.85","1","Shelf 2L",,
"377","Haut-Bages(Ch.)",,"Bordeaux","1995","38.96","1","A6",,"90"
"3013","Turley","Bedrock","Zinfandel","2016","43.60","1","Box V",,
"383","Paoletti",,"Cab. Sauv.","1996","46.54","4","13B, C(1), home",,
"2841","Turley","Rattlesnake Ridge","Petite Syrah","2014","47.30","1","BoxDD",,
"387","Ridge","York Creek","Zinfandel","1997","30.30","1","B1",,
"394","Trimbach","Reserve Personnelle","Pinot Gris`","1995","35.71","1","B-1",,
"401","Silver Oak","Alexander Valley","Cab. Sauv.","1996","60.17","2"," E4 ","2026","93-$200"
"402","Ramonet (Domaine)","Les Ruchottes","Chass. Montrachet","1998","73.50","3","F3(1), I6","hold 4-6 years","$50 "
"407","Turley","Pringle Family","Zinfandel","1998","39.93","2","2K",,"$50 "
"425","Domaine la Milliere","Chateauneuf de Pape","Red Rhone Blend","1998","43.30","1","S5",,
"435","Opus One",,"Meritage","1997","151.55","1","F-2","2017","95"
"445","L'Hortus (Dom.)","Pic Saint Loup","Mour., Syr., & Gren.","1998","23.65","4","Shelf 1L-4;",,
"458","Newlan",,"Zinfandel","1996","31.32","1","G8",,
"460","Niebaum Coppola","Rutherford","Merlot","1998","32.40","1","H12",,
"461","Zind-Humbrecht","Pinot D'Alsace","Pinot Blanc","1998","23.75","2","D5,F5",,
"462","Windward","Monopole","Pinot Noir","1997","32.40","1","G17",,
"2588","Turley","Heminway","Zinfandel","2011","40.65","1","shelf 2R",,
"2733","Williams Selyem","Weir","Pinot Noir","2012","66.55","1","3Q",,
"481","Scherrer","Big Brother RRV","Pinot Noir","1999","35.78","2","B6(1), F11(1)",,
"3033","Williams Selyem","Bacigalupi","Zinfandel","2009","0.00","1","home","  ","  "
"497","Niebaum Coppola","Rutherford","Cab. Sauv.","1998","42.90","1","I10",,
"501","Michael, Peter","Les Pavots","Meritage","1998","103.07","1","F5(1)",,"$110 "
"2807","Stony Hill","Napa","Gewurztraminer","2013","28.44","1","H2",,
"515","Turley","Tofanelli","Zinfandel","1999","32.03","2","S9",,"$60"
"531","Gott, Joel","Amador Co.","Zinfindel","1999","32.40","1","F8",,
"2671","Williams Selyem","Sonoma Coast","Pinot Noir","2012","60.25","1","14I",,
"537","Grand Mayne (CH)",,"St-Emilion","1994","33.55","11","shelf 2",,
"539","Leoville-Barton (Ch.)","French","St-Julien","1994","50.70","3","18C,B2","2014","92"
"540","Pichon-Longueville-Lalande","Pauillac","Bordeaux","1994","31.34","4","17A, B",,"RP91, $65"
"541","Pontet-Canet",,"Pauillac","1994","32.42","2","19D",,"$40 "
"548","Lynch-Bages (Ch.)","Pauillac","Bordeaux","1999","41.03","7","12 S(1), T, U, V, C2(1)",,"RP-90, $45"
"549","Zind-Humbrecht","Heimbourg","Pinot Gris","1996","29.40","4","WV Shelf 2M(4)",,
"551","Cain Five","Napa","Meritage","1997","87.92","1","S3",,
"2910","Justin","Right Angle","Bordeau Blend","2014","0.00","1","11I","   ","  "
"553","Steltzner",,"Sangiovese Riserva","1998","51.72","2","16G",,
"554","Steltzner",,"Millennium Blend","1997","59.26","2","16H",,
"555","Steltzner",,"Cab. Sauv.","1997","30.17","2","16I",,
"563","Rosenthal","Rosenthal","Cab. Sauv.","1996","32.40","1","WV shelf 2",,
"2923","Tiefenbrunner","Italian White","Pinot Grigio","2015","17.16","6","D11;F16; F17",,
"575","Silver Oak","Alexander Valley","Cab. Sauv.","1997","67.33","3","18F, 18G(1)",,"$360 "
"583","Turley","Pringle Family","Zinfandel","1999","45.25","1","S-8",,"$60"
"586","Murray, Andrew","Hillside Reserve","Syrah","1999","38.09","1","5S(1)",,
"590","Murray, Andrew","Estate","Mon Amour","1999","17.28","2","small rack row 6",,
"609","Whitcraft","Bien Nacido - Q Block","Pinot Noir","2000","50.88","3","WV",,
"620","Duckhorn","Paraduxx","Meritage","1998","35.99","1","C5",,
"622","Flora Springs",,"Trilogy","1998","39.99","1","B6",,
"624","Gainey","Lim. Selection","Syrah","1999","40.00","1","I Top",,
"626","Niebaum Coppola","Creek Vineyard","Cab. Sauv.","1999","43.30","1","S-9",,
"627","Niebaum Coppola","Rutherford","Cab. Franc","1999","37.99","1","E10",,
"628","Ridge","Geyserville","Zinfandel","1994","29.99","1","E6",,
"630","Whitehall Lane","Napa Valley","Cab. Sauv. (MAG)","1999","95.68","1","A Top",,
"2688","Williams Selyem","Olivet Lane","Chardonnay","2012","0.00","1","1B","  ","  "
"2871","Justin","Isosceles","Rhone Blend","2011","58.32","1","F13",,
"639","Del Dotto","Napa Valley","Sangiovese","1999","44.10","1","7R",,
"2934","Murray, Andrew","Estate Grown","Grenache","2015","27.00","1","in-transit","   ","  "
"647","Stags Leap","Napa Valley","Petite Syrah","1998","38.92","2","17N",,
"2227","Bonny Doon","Contra"," ","2009","11.85","1","H2"," "," "
"2860","Justin","Paso Robles","Sauvignon Blanc","2015","11.99","1","S6",,
"662","Lewis Cellars",,"Merlot","1999","45.00","1","A12",,
"2831","Turley","Dragon","Zinfandel","2014","48.37","2","Box CC",,
"2830","Turley","Buck Cobb","Zinfandel","2014","30.10","2","Box CC",,
"2826","Cinque Insieme","Reserve","Cabernet Sauvignon","2012","31.18","4","I6&7",,
"2994","Turley","Library","Petite Syrah","2015","48.05","1","MA1",,
"672","Davis Bynum","Rus. Riv. Hedin","Cab. Sauv.","1998","36.50","1","F8",,
"673","Franciscan","Magnificat","Meritage","1998","45.00","1","F7",,
"674","Gainey","Lim. Selection","Cab. Franc","1999","35.00","1","E14","now","88"
"675","Newlan","Vintner's Circle (Etched)","Cab. Sauv.","1999","32.48","1","F12",,
"2638","Edwards, Merry","Meredith Est.","Pinot Noir","2011","64.03","1","14-B",,
"677","Opus One",,"Meritage","1998","135.00","1","F-6","2018","92"
"678","Ridge","Coast Range","Meritage","1999","25.11","1","home",,
"684","Dehlinger","RRV","Pinot Noir","1999","47.32","2","I3",,
"2592","Turley","Ueberroth","Zinfandel","2011","54.82","1","shelf 2R",,
"708","Michael, Peter","Les Pavots","Meritage","1999","121.86","1","15D",,"96 $130"
"712","Turley","Mead Ranch","Zinfandel","2000","38.97","1","MC14(1)",,
"714","Turley","Tofanelli","Zinfandel","2000","32.67","1","S-8",,
"2553","Dutton Goldfield","Shop Block","Pinot Blanc","2012","25.00","1","D-2",,
"721","Leoville-Barton (Ch.)","French","St-Julien","1999","34.64","2","C12","2019","90+"
"2585","Turley","Dogtown","Zinfandel","2011","43.92","1","shelf 2R",,
"723","Owen Roe",,"Zinfandel","2000","33.55","1","home",,
"2915","Turley","Salvador","Zinfandel","2013","40.85","1","Box DD","   ","  "
"3023","Turley","Sadie Upton","Zinfandel","2016","46.55","1","Box U",,
"742","Vallouit (Dom. de)","Les Roziers","Rhone-Cote-Rotie","1999","64.79","1","G Top",,
"744","Hanzell Vineyards",,"Pinot Noir","1998","59.04","2","14H-S-6",,
"763","Latour-Giraud (Dom.)","La Refene 1er Cru Pommard","Burgundy","1999","40.45","2","8L","hold 3-5 years",
"767","Silver Oak","Alexander Valley","Cab. Sauv.","1998","67.49","3","18G(1), H",,"$55 "
"2493","Turley","Library","Petite Syrah","2009","43.93","1","S8",,
"774","Turley","Hayne","Zinfandel","2000","83.32","2","S-8",,
"3035","Tinpot Hut","New Zealand","Sauvignon Blanc","2017","20.70","8","1F1, 1G1, 2I5, 2C18, 1H4,1I2","  ","  "
"3024","Turley","Estate","Zinfandel","2016","46.55","1","Box U",,
"780","Turley","Delinquent (HALF-BTL)","Zinfandel","1998","43.45","1","Small Rack 3",,"$50 "
"785","Girard","Napa","Cab/Mer/Franc","1998","20.56","1","A15",,
"2786","Williams Selyem","Eastside Road","Pinot Noir","2013","63.06","2","8J",,
"790","Murray, Andrew","Hillside Reserve","Syrah","2000","35.16","3","T,U(1)",,
"796","Penfolds",,"Cab. Shiraz Bin 389","1999","21.59","1","E7",,
"3011","Turley","Rattlesnake Ridge","Petite Syrah","2007","45.45","5","Box O",,
"2224","Bonny Doon","Le Pousseur","Syrah","2007","14.82","1","S2",,
"2233","Williams Selyem","Flax","Pinot Noir","2008","64.44","1","12L"," "," "
"2282","Opus One",,"Meritage","2007","195.74","2","F4",,
"2747","Turley","Estate","Petite Syrah","2013","43.00","1","Box AA",,
"843","Heitz","Napa Valley Cellar Selection","Chardonnay","2001","34.00","1","S8",,
"846","Woltner, Chateau","Woltner","Red","1999","34.00","4","S1",,
"2950","Champault, R.","Sancerre","Sauvignon Blanc","2015","21.44","6","S6(4),S8(2)",,
"2939","Chatenay (Dom.)","Vire-Clesse","White Burgundy","2015","22.52","6","B3;C15;C1-SUB 0-1",,
"854","Opus One",,"Meritage","1999","125.57","1","I8",,"$150 "
"859","Fonsalette (Ch.)",,"Rhone Red","1996","33.70","4","18R, S",,"$85 "
"860","Poderuccio","Camigliano",,"2000","21.88","2","18P",,
"869","Turley","Juvenile","Zinfandel","2001","24.05","3","Shelf 2M",,
"2787","Williams Selyem","Calegari","Pinot Noir","2013","66.32","1","8F",,
"2997","Gainey ","Lim. Selection","Cab. Franc","2015","0.00","1","G9","   ","  "
"2645","Williams Selyem","Drake","Chardonnay","2011","73.86","1","14-B",,
"886","Michael, Peter","Les Pavots","Meritage","2000","121.25","1","15E",,"$80 "
"887","Vezelay","Cuvee Henry","Bourgogne Blanc/Chardonnay","2000","18.45","2","2F",,
"888","Manciat, Jean","Macon-Charnay A.C VV","Chardonnay (Fr.)","2001","18.45","3","1E, F(1)",,
"891","Marquis de Terme","French","Margaux","2000","30.74","1","19G",,
"894","Murray, Andrew","Estate","Viognier","2001","28.78","1","shelf 2",,
"2982","Turley","Cedarman","Zinfandel","2015","37.32","1","MC2",,
"2922","Tenuta le Calcinaie","San Gimignano","Vernaccia","2015","17.15","4","S2-3, S5(1)",,
"910","Caymus","Special Selection","Cab. Sauv.","2000","107.75","1","C2",,
"912","d'Arenberg","Lead Arm","Shiraz","2000","51.95","1","D15",,
"2399","Turley","Rattlesnake Acres","Petite Syrah","2000","43.73","1","S8",,
"2398","Williams Selyem","Forchini","Zinfandel","2010","57.85","1","3O",,
"914","Haut-Bages Liberal (Ch.)",,"Bordeaux","2000","44.78","2","B14",,
"2891","Turley","Ueberroth","Zinfandel","2014","51.84","1","Box EE",,
"2842","Turley","Estate","Petite Syrah","2014","43.00","1","Box EE",,
"920","Relagnes (Dom. des)","La Cuvee V. Vigne Ronne","Rhone Chat. Du Pape","1998","64.65","1","A11",,
"921","Ravenswood","Pickberry Vineyards","Meritage","1999","26.94","1","home",,
"924","Whitcraft","Legrein","Meritage","2000","24.05","3","home",,
"925","Whitcraft","Bien Nacido - Q Block","Pinot Noir","2001","34.83","4","3H, 3I",,
"926","Whitcraft","Bien Nacido - N Block","Pinot Noir","2001","34.83","1","2I",,
"2167","Dehlinger"," ","Pinot Noir Rose","2008","22.03","2","S6"," "," "
"934","Williams Selyem","Russian River","Zinfandel","2001","30.91","2","WV",,
"2177","McKeon Phillips","BPR","Cab. Sauv.","2007","0.00","2","21J",,
"951","Rosenthal",,"Cab. Sauv. (MAG 1 of 3)","1995","90.21","1","WV shelf 2",,
"955","Schramsberg","Napa","Blanc de Blancs (MAG)","1998","32.33","1","A-top",,
"956","Rosenthal",,"Cab. Sauv. (MAG 2 of 3)","1996","90.21","1","WV shelf 2",,
"957","Rosenthal",,"Cab. Sauv. (MAG 3 of 3)","1997","90.21","1","WV shelf 2",,
"966","Silver Oak","Alexander Valley","Cab. Sauv.","1999","67.49","2","IT",,"$70 "
"969","Scherrer","Shale Terrace","Zinfandel","2002","20.90","1","22P",,
"2894","Turley","Library","Petite Syrah","2014","45.36","1","Box XX",,
"2829","Turley","Bedrock","Zinfandel","2014","40.85","2","BoxCC",,
"977","Heitz","Bella Oaks","Cab. Sauv.","1998","61.77","1","home ",,
"981","Pingus, Flor de",,"Red","2000","45.95","2","9D",,
"984","Patz & Hall","Hyde Vineyard","Chardonnay","2000","51.38","1","I1",,
"1008","Turley","Library","Petite Syrah","2001","43.61","1","Top H(1)",,
"2906","Malvira","Italian White","Roero Arneis","2015","18.26","8","C10-14",,
"2804","Stony Hill","Napa","White Riesling","2014","31.44","2","G4",,
"2962","Turley","Hayne","Petite Syrah","2012","80.63","2","Box GG",,
"1027","Williams Selyem","Vista Verde","Pinot Noir","2001","53.48","1","S5",,
"2816","Turley","Dragon","Cabernet Sauvignon","2013","74.20","2","H9",,
"1038","Williams Selyem","Vista Verde","Gewurtztraminer","2001","38.43","1","16J",,
"3007","J Vineyard","Freestone Hill","Pinot Noir","2014","67.50","2","S8","   ","  "
"2920","Turley","Heminway","Zinfandel","2009","34.56","3","shelf 2LH","   ","  "
"1041","Perrone, Elio","Moscato d'Asti 'Sourgal'","Italian White","2003","17.17","1","home",,
"1042","Perrone, Elio","Bigaro","Rose","2003","18.24","2","home",,
"2908","Justin ","Justification","Rhone Blend","2014","0.00","1","17F","   ","  "
"1054","Gainey","Ltd Sel Santa Rita Hills","Pinot Noir (double MAG)","2001","182.33","1","2nd Shelf",,
"2235","Williams Selyem","Hawk Hill","Chardonnay","2008","57.88","1","19K"," "," "
"2798","Edwards, Merry","Flax","Pinot Noir (Mag)","2013","135.31","1","MC6",,
"1057","Guigal, E.","Chateauneuf du Pape","Red Rhone","2001","31.05","2"," J, home",,
"1058","Guigal, E.","Cote Rotie","Red Rhone","1997","38.43","4","O5 K, L",,
"2961","Turley","Zampatti","Zinfandel","2012","40.85","1","WV","   ","  "
"2308","Dumol","RRV","Pinot Noir","2009","72.38","1","6G",,
"2936","Murray, Andrew","Alison Vineyard","2015","2015","27.00","1","in-transit","   ","  "
"1088","Heitz","Napa Valley Cellar Selection","Chardonnay","2001","34.83","1","H1",,
"1090","Heitz","Napa Valley Trailside Vineyard","Cab. Sauv.","1998","77.93","1","S4","2016",
"1091","Flora Springs","Windfall","Merlot","2000","40.39","1","B13",,
"1092","Flora Springs","Poggio del Papa",,"2000","29.61","1","S2",,
"2901","Edwards, Merry","Sonoma Coast","Pinot Noir","2014","48.71","2","6K",,
"1097","Vega Sicilia","Alion","Spanish Red","1998","44.62","2","home",,
"2732","Williams Selyem","Vista Verde","Pinot Noir","2012","66.55","1","3E",,
"2873","Schramsberg","Calistoga","Blanc de Noirs","2012","0.00","1","MC6","  ","  "
"1111","Turley","Dusi","Zinfandel","2002","48.01","6","Shelf 2L",,
"1114","Turley","Mead Ranch","Zinfandel","2002","40.46","1","B15",,
"1115","Turley","Old Vines","Zinfandel","2002","29.69","6","Shelf 2 center",,
"1116","Turley","Rattlesnake Ridge","Zinfandel","2002","45.85","2","Shelf 2 left",,
"1117","Turley","Estate","Zinfandel","2002","41.54","2","Shelf 2 left",,
"2834","Turley","Juvenile","Zinfandel","2014","21.50","3","Box EE",,
"1147","Pontet-Canet",,"Pauillac","2000","56.47","1","19C",,"$50 "
"1156","Blankiet Estate","Paradise Hill","Merlot","2001","90.82","1","E17(1)",,
"2311","Talley","Rosemary's","Pinot Noir","2007","40.00","1","S1","now","91"
"1166","Rabaud-Promis (Ch)",,"Sauternes (1/2 bottle)","2001","22.52","1","S7","now","88"
"1175","Bernadotte (Ch)","Haut-Medoc","Bordeaux","2000","20.19","3","I16, A13(1)",,
"1177","Haut-Bages Averour (Ch)","French","Bordeaux","2000","35.71","2","5I",,
"1181","Murray, Andrew","Estate","Esperance","2002","25.55","1","WV shelf 2",,
"1182","Murray, Andrew","White Hawk","Syrah","2002","26.41","1","12O",,
"2935","Murray, Andrew","Roasted Slope","Syrah","2015","33.75","1","MC9",,
"2737","Turley","Dragon","Zinfandel","2013","48.38","2","Box BB",,
"1188","Scherrer","Russian River","Pinot Noir (MAG)","2002","93.40","1","H Top",,
"2646","Williams Selyem","Ferrington","Pinot Noir","2011","73.86","1","9-N",,
"1193","Lynch-Bages (Ch.)","Pauillac","Bordeaux","2001","48.59","4","11U, V",,"$40"
"1195","Silver Oak","Alexander Valley","Cab. Sauv.","2000","68.98","2","19E",,"$90 "
"1197","Two Hands","Australian red","Grenache","2003","32.47","1","home",,
"1198","Whitehall Lane","Calif. Dessert Wine","Belmuscato","2002","18.40","3","Top Rack col. 5; home(1)",,
"2990","Turley","Ueberroth","Zinfandel","2015","54.46","1","Box S-shelf 2M",,
"2974","Turley","Kirschenmann","Zinfandel","2015","0.00","2","Box JJ","   ","  "
"1202","Hanzell Vineyards",,"Pinot Noir","2000","83.13","2","9K, home",,
"1203","Montelena (Ch.)","Napa","Petite Sirah (MAG)","2000","67.18","3","MC16, MD16(1)",,
"2909","Justin ","Paso Robles","Chardonnay","2015","0.00","1","16J","   ","  "
"1205","Scherrer","Shale Terrace","Zinfandel","2003","20.90","1","G-1",,
"2303","Murray, Andrew","Stoptman","Syrah (MAG)","2009","90.00","1","Shelf 2M","2105","89"
"2896","Sigalas,(Dom.)","AA Santorini","Greek White Blend","2015","19.34","7","GI4;,H6,E1,D8",,
"1216","Turley","Hayne","Zinfandel","2002","82.60","1","S9",,
"1217","Turley","Moore Earthquake","Zinfandel","2002","53.65","2","shelf 3L",,
"1218","Turley","Pesenti","Zinfandel","2002","39.70","3","shelf 3L, ",,
"1220","Turley","Ueberroth","Zinfandel","2002","53.65","4","shelf 3L TAM",,
"2951","Turley","Cedarman","Zinfandel","2012","31.18","2","Box GG",,
"1223","Turley","Delinquent (HALF-BTL)","Zinfandel","2001","42.92","1","Small Rack 2",,
"2904","Edwards, Merry","Klopp Ranch","Pinot Noir","2014","71.45","2","S6",,
"2590","Turley","Pesenti","Zinfandel","2011","40.65","1","shelf 2R",,
"2234","Williams Selyem","Forchini","Zinfandel","2008","57.88","1","10F"," "," "
"1239","Stony Hill","SHV","Chardonnay","2003","21.02","2","23K, ",,
"1240","Stony Hill","Napa","White Riesling","2003","21.02","1","home",,
"1242","Stony Hill","half-bottle","Semillon de Soleil","2002","17.80","1","Small Rack 1",,
"1243","Stony Hill","Stony Hill","Tocai Friulano","2003","17.80","1","home",,
"1245","Williams Selyem","Vista Verde","Pinot Noir","2002","55.37","1","19F",,"$65 "
"1246","Williams Selyem","Weir","Pinot Noir","2002","55.37","1","S5",,
"2508","Williams Selyem","Vista Verde","Pinot Noir","2009","62.26","1","18J",,
"1251","Williams Selyem","Forchini","Zinfandel","2002","43.54","1","S8",,
"2562","Beaulieu","Tapestry Reserve","Bordeaux Blend","2008","50.00","1","H-12","   ","   "
"2593","Turley","Zampatti","Zinfandel","2011","40.65","1","shelf 2R",,
"2484","Hess Collection","Select","Cabernet Sauv.","1993","8.69","3","H1, H2",,
"2397","Williams Selyem","Sonoma Coast","Pinot Noir","2010","43.73","1","6n",,
"1261","Yquem (Ch. d')","half-bottle","Sauterne","1999","75.25","1","small rack 2","A I/2 BOT.2001 FOR $349.95",
"3012","Turley","Estate","Sauvignon Blanc","2017","33.41","2","in-transit","  ","  "
"1264","Palacios Remondo","Propriedad","Spanish Red","2001","29.51","6","15R, N, M, ",,
"1267","Murray, Andrew","Estate","Viognier","2003","28.78","2","13J",,
"1268","Murray, Andrew","Estate","Enchante","2003","25.55","2","10E",,
"2170","Dumol","Isobel","Chardonnay","2007","68.13","1","14G",,
"2823","Clarendelle","French","Bordeaux Blend","2010","24.19","4","B8-B9",,
"1272","Murray, Andrew","Hillside Reserve","Syrah","2002","35.25","5","3O, P, S2",,
"2738","Turley","Duarte","Zinfandel","2013","34.40","1","Box BB",,
"1294","Murray, Andrew","Hillside Reserve","Syrah (MAG)","2002","70.00","1","Shelf 2M",,
"1295","Steltzner","Bar. Sel. Res.","Cab. Sauvignon","2002","64.64","3","E9, E10",,
"2175","Edwards, Merry","Tobias Glen","Pinot Noir","2007","58.86","3","3Q(1), 5R",,
"2302","Murray, Andrew","Oak Savana","Syrah (MAG)","2009","90.00","1","Shelf 2M","2015","90"
"1325","Turley","Dragon","Zinfandel","2003","50.43","3","Shelf 3 Right",,
"1326","Turley","Duarte","Zinfandel","2003","36.49","2","Shelf 3 center",,
"2892","Turley","Zampatti","Zinfandel","2014","41.04","1","Box CC",,
"2492","Turley","Hayne","Zinfandel","2009","84.16","1","S8",,
"2973","Turley","Juvenile","Zinfandel","2015","0.00","5","MB1, MD4","   ","  "
"2835","Turley","Kirschenmann","Zinfandel","2014","37.62","2","Box CC",,
"2555","Dutton Goldfield","Dutton Ranch","Pinot Noir","2011","40.00","1","D-8",,
"2531","Turley","Rattlesnake Ridge","Zinfandel","2011","43.00","2","shelf 2M",,
"2686","Turley","Escondido","Zinfandel","2004","0.00","1","S9",,
"1333","Turley","Rattlesnake Ridge","Zinfandel","2003","45.07","1","Shelf 3 center",,
"1336","Turley","Tofanelli","Charbono","2003","32.20","1","Shelf 3 center",,
"2730","Williams Selyem","Foss","Pinot Noir","2012","63.28","1","3F",,
"1338","Turley","Estate","Petite Syrah","2003","42.92","1","Shelf - 2M",,
"1341","Dehlinger","Goldridge","Syrah","2002","33.29","1","G9",,
"1347","Gainey","Lim. Selection","Syrah","2002","29.29","5","Shelf 2 right",,
"1348","Hafner","Alexander Valley","Cab. Sauv.","2000","30.71","1","B5",,
"1349","Stags Leap","Fay","Cab. Sauv.","2000","45.00","1","7P","2020","87"
"1350","Steltzner","Napa","Cab. Sauv.","2002","28.14","1","21D",,
"1351","Steltzner","Napa","Claret","2002","15.15","2","D1",,
"1355","Michael, Peter","Les Pavots","Meritage","2002","147.84","1","15G",,"$200 "
"1357","Pichler, F.X.","Smaragd Kellerberg","Riesling","2002","53.69","1","H2",,
"3014","Turley","Buck Cobb","Zinfandel","2016","33.41","2","Box V",,
"1364","Windward","Monopole","Pinot Noir","2003","34.51","1","14D",,
"2801","Edwards, Merry","Klopp Ranch","Pinot Noir","2013","68.20","2","11C",,
"2855","Turley","White Coat","White Blend","2014","40.50","3","MB1, MA2",,
"2859","Justin","Reserve","Cabernet Sauvignon","2013","47.96","1","S6",,
"1372","Silver Oak","Napa Valley","Cab. Sauv.","2000","112.25","1","19F",,"$55 "
"1373","Montelena (Ch.)","Estate","Cab. Sauv.","2003","64.93","6","A7,8,9",,
"2794","Edwards, Merry","Russian River","Sauvignon Blanc (Mag)","2014","75.77","1","MC9",,
"2792","Edwards, Merry","Merry's 40","Pinot Noir","2013","103.92","1","15K",,
"2789","Williams Selyem","Weir","Pinot Noir","2013","66.32","1","5M",,
"2788","Williams Selyem","Foss","Pinot Noir","2013","66.32","1","5M",,
"1377","Williams Selyem","Russian River","Pinot Noir","2003","47.72","1","home",,
"1381","Williams Selyem","Feeney","Zinfandel","2003","47.72","1","11R",,
"1382","Williams Selyem","Late Harvest","Gewurtztraminer 375ml","2003","40.72","1","Small Top D4",,
"1390","Dumol","RRV","Syrah","2003","55.98","1","H4",,"WS95"
"2784","Turley","Rattlesnake Ridge","Zinfandel","2013","47.30","2","Box AA","  ","  "
"3030","Hafner","Alexander Valley","Chardonnay","2006","0.00","12","11 floor of WV",,
"2483","Franc-Mayne (Ch.)","St. Emillion","Bordeaux","1989","19.57","3","I1, I2",,
"2584","Turley","Cedarman","Zinfandel","2011","34.11","1","shelf 2R",,
"1400","Murray, Andrew","Westerly Vineards","Syrah","2003","26.41","1","C9",,
"1406","Plantiers de Haut Brion ","Pessac-Leognan","Wh. Bord.(MAG)","2000","83.51","1","WV",,
"1410","L'Aventure","Paso Robles","Estate Cuvee","2003","73.36","1","D-6",,
"2218","Murray, Andrew","Black Oak","Syrah (Mag Signed)","2008","80.00","1","MC8",,
"2178","Murray, Andrew","Estate","Syrah","2005","0.00","2","Shelf 2L"," "," "
"2739","Turley","Dusi","Zinfandel","2013","45.15","2","Box BB",,
"2383","Dagueneau, D.","Blanc Fume de Pouilly","Sauvignon Blanc","2008","57.95","1","home",,
"2496","Turley","Pesenti","Zinfandel","2009","40.66","1","S4",,
"2515","Williams Selyem","Sonoma Coast","Pinot Noir","2011","56.61","1","A-11",,
"1431","Murray, Andrew","Estate","Esperance","2003","19.61","1","6B",,
"1435","Sirica","Feudi di San Gregorio","Italian Red Wine","2000","64.60","2","B2",,
"1437","Vega Sicilia","Alion","Spanish Red","2001","51.67","2","5C",,
"1440","Whitcraft","Santa Barbara","Pinot Noir","2004","28.86","2","home",,
"2309","Dumol","RRV","Syrah","2009","62.57","1","6G",,
"1442","Whitcraft","Aubaine","Pinot Noir","2004","46.10","2","9M",,
"3028","Three Wine Co.","Old Vines Field","Red Blend","2014","15.32","10","in-transit","    ","  "
"1446","Turley","Pesenti","Zinfandel","2003","39.91","4","Shelf 3 center (3), S8",,
"2940","Schramsberg","Calistoga","Blanc de Blanc","2014","40.85","1","S7","   ","  "
"2916","Turley","Ueberroth","Zinfandel","2013","51.60","1","Box EE","   ","  "
"2519","Scherrer","Old & Mature Vines","Zinfandel","2009","23.05","2","  17M","  ","  "
"2955","Turley","Heminway","Zinfandel","2012","40.85","1","Box GG",,
"1458","Williams Selyem","Vista Verde","Pinot Noir","2003","55.37","1","1O",,
"1459","Williams Selyem","Weir","Pinot Noir","2003","55.30","1","1O",,
"1460","Williams Selyem","Coastlands","Pinot Noir","2003","69.31","1","S5",,
"2895","Turley","Pesenti","Petite Syrah","2014","41.04","3","Box XX, MA5",,
"1465","Williams Selyem","Forchini","Zinfandel","2003","47.76","2","4B",,
"1472","Smith, W. H.","Sonoma Coast","Pinot Noir","2003","28.97","2","10O",,"92WS"
"1473","Smith, W. H.","Hellenthal","Pinot Noir","2003","40.97","2","S6",,
"1474","Smith, W. H.","Maritime","Pinot Noir","2003","50.97","2","10Q",,
"2762","Four Brix","Baubles","Brut","2013","30.96","2","S7",,
"1476","Stony Hill","Napa","Chardonnay","2003","34.41","4","home",,
"1477","Stony Hill","SHV","Chardonnay","2004","21.48","5","9S(1),T,U",,
"1480","Edwards, Merry","Meredith Est.","Pinot Noir","2003","51.72","4","Shelf 1",,
"1491","Whitcraft","Legrein","Meritage","2002","29.19","3","10T, home (1)",,
"1492","Whitcraft","Melville","Pinot Noir","2003","42.12","3","10U, 10V(1)",,
"1493","Whitcraft","Santa Barbara","Pinot Noir","2003","29.19","1","home",,
"2652","Williams Selyem","Vista Verde","Pinot Noir","2011","66.25","1","18-P",,
"1495","Limerick Lane","Collins Vineyard Old Vines","Zinfandel","2002","43.32","4","2Q, 2R",,
"1496","Limerick Lane","Collins Vineyard","Syrah","2003","32.57","2","F & G top",,
"2601","Edwards, Merry","Olivet Lane","Pinot Noir","2011","69.36","1","16-Q",,
"1506","Michael, Peter","Belle Cote","Chardonnay","2003","64.94","2","E3??",,"$100 "
"1508","Montelena (Ch.)","Napa","Chardonnay","2003","28.13","1","A2",,
"3021","Turley","Mead Ranch","Zinfandel","2016","46.55","1","Box U",,
"2931","Montelena (Ch.)","Estata","Cab. Sauv.","2013","0.00","2","E16",,
"2971","Turley","Estate","Petite Syrah","2015","0.00","2","MD7",,
"2960","Turley","Ueberroth","Zinfandel","2012","51.60","2","WV","   ","  "
"1515","Muga","Rioja Reserva",,"2001","19.47","2","B11",,
"1517","Dancer, Vincent","Chassagne-Montrachet","French Pinot Noir - NH","2001","59.54","1","E Top",,
"1519","Opus One",,"Meritage","2002","135.32","1","F-6",,
"1520","Turley","Moore Earthquake","Zinfandel","2003","53.85","2","Shelf 3 center",,
"1522","Casa de la Ermita",,"Viognier","2004","12.34","2","F5, F6",,
"1523","Remelluri","Rioja","Spanish white","2003","49.43","2","19L","2013","90"
"2748","Turley","Vineyard 101","Zinfandel","2013","45.15","1","MB2",,
"1532","Silver Oak","Napa Valley","Cab. Sauv.","2001","110.75","1","19D",,
"1534","Duhart-Milan (Ch)","Pauillac","Bordeaux","1995","32.46","1","S5",,
"1535","T. Vine Cellars","Monte Rosso Vineyard","Cab. Sauv.","2003","54.11","2","D6",,
"2412","Tablas Creek","Esprit","Rhone Blend","2009","53.46","2","S -6",,
"2413","Tablas Creek","Paso Robles","Mourvedre","2010","38.88","1","S -6",,
"2927","Drouhin ","Macon-Bussieret","White Burgundy","2014","21.65","6","S9-; I 10 & 11",,
"1546","Williams Selyem","Central Coast","Pinot Noir","2004","33.94","1","S-9",,
"1547","Williams Selyem","Russian River","Pinot Noir","2004","47.95","2","S-6",,
"2825","Don Antonia","Riserva","Nero d'Avola","2011","30.10","2","E-11",,"Parker 93pts"
"2893","Turley","Hayne","Petite Syrah","2014","81.00","1","Box XX",,
"1552","Williams Selyem","Feeney","Zinfandel","2004","51.18","2","2I",,"85WS"
"2948","Turley","Zampatti","Zinfandel","2009","41.04","1","Shelf 3L","   ","  "
"2949","Bolgheri","Super Tuscan","Cabernet-Merlot","2013","31.49","1","home",,
"2850","Bisci","Italian","Verdicchio","2015","15.04","11","S2(5)-S3(3)-S8(1)-S9(2)",,
"1562","Turley","Rattlesnake Ridge","Zinfandel","2004","45.51","2","MC12",,
"2727","Williams Selyem","Bucher","Pinot Noir","2012","67.63","1","12I",,
"1567","Turley","Estate","Petite Syrah","2004","43.36","2","S9",,
"1571","Scherrer","Old & Mature Vines","Zinfandel/375ml","2004","16.05","2","Small Rack 1",,
"1587","Dumol","RRV","Syrah","2004","59.37","3","10H(1), I",,
"1591","Stony Hill","Napa","Chardonnay (MAG)","2001","69.65","1","I-top",,
"2307","Dumol","RRV","Chardonnay","2009","58.21","1","7C",,
"1598","Dumol","RRV","Chardonnay (MAG)","2004","145.68","1","Shelf 2M",,
"2639","Fines Caillottes","Pouilly Fume","Sauvignon Blanc","2011","27.25","1","S-6",,
"1605","Turley","Estate","Petite Syrah","2004","0.00","2","Shelf 2 Right",,
"3006","J Vineyard","Russian River Valley","Vin Gris","2016","21.60","3","B5(1), B6","   ","  "
"2849","Domaine du Carrou","French","Sancerre","2014","26.88","3","S1",,
"1608","Turley","Rancho Burro","Zinfandel","2003","50.86","1","MC10",,"86WS"
"2728","Williams Selyem","Eastside Road","Pinot Noir","2012","60.02","2","12G",,
"2524","Turley","Dragon","Zinfandel","2011","48.38","1","shelf 2M",,
"1619","Scherrer","Sonoma County","Vin Rouge","2003","26.74","1","G5",,
"2956","Turley","Judge Bell","Zinfandel","2012","34.40","2","Box FF, Box GG",,
"1622","Dehlinger","Goldridge","Pinot Noir","2004","42.22","2","B4",,
"1624","Dehlinger","Estate","Cabernet Sauvignon","2003","45.47","1","S6",,
"1625","Scherrer","Sonoma County","Pinot Noir","2004","32.48","1","16K",,
"2736","Turley","Cobb","Zinfandel","2013","27.95","2","Box BB",,
"1634","Barbeito VB (Verdelho-Boal)",,"Madeira Reserva","1999","27.01","1","Small rack 2",,
"1635","Hansel, Walter","North Slope","Chardonnay","2004","32.42","4","11P(2) hme(2)",,
"1636","Hansel, Walter","Cuvee Alyce","Pinot Noir","2003","38.92","1","home",,
"2642","Williams Selyem","Bacigalupi","Zinfandel","2011","66.25","1","4-I",,
"1639","Williams Selyem","Peay","Pinot Noir","2004","55.59","1","S-6",,
"1640","Williams Selyem","Vista Verde","Pinot Noir","2004","55.59","1","15B",,
"2231","Scherrer","Sonoma County","Chardonnay","2008","32.86","4","13G, 15P",,
"2724","Dehlinger","Estate","Chardonnay","2008","0.00","4","shelf 2M; G6","  ","   "
"3009","Gainey","Lim. Selecton","Sauvignon Blanc","2015","0.00","6","3J,2G,3D","    ","    "
"1645","Dumol","Isobel","Chardonnay","2004","65.74","1","S5",,"90WS"
"2533","Turley","Vineyard 101","Zinfandel","2011","45.15","1","MB-5",,
"2238","Williams Selyem","Weir","Pinot Noir","2008","64.44","1","10L"," "," "
"2796","Edwards, Merry","Sonoma Coast","Pinot Noir (Mag)","2013","99.59","1","MC14",,
"2477","Dumol","Chloe","Chardonnay","2009","68.46","1","16F",,
"2221","Murray, Andrew ","Oak Savana","Syrah (MAG)","2008","90.00","1","MC16"," "," "
"2805","Stony Hill","Napa","Semillon de Soleil","2013","31.44","2","small rack",,
"2806","Stony Hill","Napa","Rosenda de la Sombra","2014","26.44","1","H1",,
"2995","Turley","Pesenti","Petite Syrah","2015","43.76","1","Box S-shelf 2M",,
"2838","Turley","Sadie Upton","Zinfandel","2014","43.00","1","Box DD",,
"2839","Turley","Estate","Zinfandel","2014","43.00","2","Box EE",,
"1666","Turley","Hayne","Petite Syrah","2004","83.08","4","Box D Shelf 3R",,"$150/RP96-98"
"1667","Turley","Library","Petite Syrah","2004","43.40","2","MD12",,
"1668","Williams Selyem","Weir","Pinot Noir","2004","60.98","1","15B",,
"2690","Zerran Montsant","Spanish","Grenache","2010","12.89","4","H13,14",,
"1670","Williams Selyem","Ferrington","Pinot Noir","2004","66.36","1","18Q",,
"1671","Williams Selyem","Hirsch","Pinot Noir","2004","77.14","1","17E",,
"1676","Williams Selyem","Forchini","Zinfandel","2004","51.28","2","11S",,"88WS"
"1677","Williams Selyem","Mistral","Port 375ml","2002","40.50","1","small top F5",,
"1678","Del Dotto","Gamba Nevers Oak","Cab. Sauv.","2004","92.01","2","S8",,
"1679","Del Dotto","Colbert French Oak","Cab. Sauv.","2004","92.01","1","S4",,
"1680","Del Dotto","MO/FO Blend Oak","Cab. Sauv.","2004","92.01","2","S8",,
"2677","Turley","Kirschenmann","Zinfandel","2012","37.88","2","Shelf 2M",,
"2836","Turley","Mead Ranch","Zinfandel","2014","43.00","2","Box DD",,
"1683","Scherrer","Russian River","Pinot Noir","2004","38.97","3","8A; S5; ",,
"1686","Regusci Winery",,"Merlot","2003","38.97","1","A15",,
"1687","Regusci Winery",,"Cab. Sauv.","2004","46.76","3"," H13, H12","2014","89"
"1688","Regusci Winery",,"Zinfandel","2004","43.84","1","H16",,
"1689","Regusci Winery",,"Chardonnay","2005","27.28","2","G2",,
"2802","Haut -Brion","Clarendelle","Bordeau Blend","2010","24.19","6","office","  ","  "
"2700","Turley","Fredericks","Zinfandel","2013","45.15","2","MB7",,
"2987","Turley","Judge Bell","Zinfandel","2015","37.32","1","MB9",,
"2937","Turley","Hayne","Petite Syrah","2007","85.00","1","Box K-home","   ","  "
"1695","Stony Hill","Napa","Chardonnay","2004","21.48","6","16B,C, 17D",,
"1696","Stony Hill","Napa","Chardonnay (MAG)","2002","70.00","1","MB14",,
"1697","Stony Hill","SHV","Chardonnay","2005","16.25","6","23E,F; A2",,
"1699","Gainey","Evans Ranch","Syrah (MAG)","2004","108.25","1","ATop",,
"2944","Dom Perignon","French","Champagne","2004","150.00","1","home","   ","  "
"1703","Opus One",,"Meritage","2003","156.96","1","F-7","2013","90+"
"1704","Yquem (Ch. d')","Ygrec Y","Lur-Salvees Sauterne","2004","79.01","1","home",,
"2780","Montelena (Ch.)","Estate","Cab. Sauv.","2011","83.12","2","6M",,
"2297","Schramsberg","Reserve","Brut Champagne","2003","100.51","1","S7",,
"1716","Thackrey","Sean","Pleiades XV, Rhone Blend","2006","27.01","3","1V, -home(1)",,
"1718","Williams Selyem","Russian River","Pinot Noir","2005","48.32","2","5G",,
"2981","Turley","White Coat","White Blend","2015","40.54","2","Shelf 2M",,
"1720","Williams Selyem","Sonoma County","Pinot Noir","2005","39.70","1","6U",,
"1721","Williams Selyem","Westside Road","Pinot Noir","2005","73.10","2","11B",,
"2800","Edwards, Merry","Meredith Estate","Pinot Noir (Mag)","2013","142.89","1","MB6",,
"1723","Williams Selyem","Bacigalupi","Zinfandel","2005","51.55","1","11A",,"91WS"
"1724","Williams Selyem","Feeney","Zinfandel","2005","51.55","1","8K",,"90WS"
"1725","Williams Selyem","Late Harvest","Gewurtztraminer 375ml","2005","40.77","1","Small Top C3",,
"2232","Williams Selyem","Drake","Chardonnay","2008","68.62","1","19K"," "," "
"1727","Turley","Dragon","Zinfandel","2005","50.76","2","Box H, Shelf 3C",,"$80 "
"1728","Turley","Duarte","Zinfandel","2005","36.82","1","Box G, Shelf 3C",,"88WS/$60"
"1729","Turley","Dusi","Zinfandel","2005","47.55","2","Box H, Shelf 3C, 1-S9",,"87WS/$75"
"1730","Turley","Grist","Zinfandel","2005","45.40","1","S3",,
"1731","Turley","Juvenile","Zinfandel","2005","23.95","2","Box G, Shelf 3C",,"90WS"
"1732","Turley","Mead Ranch","Zinfandel","2005","40.04","2","Box G, Shelf 3R",,"82WS/$65"
"1733","Turley","Old Vines","Zinfandel","2005","29.31","2","Box G, Shelf 3C",,"88WS, $25"
"1734","Turley","Rattlesnake Ridge","Zinfandel","2005","45.40","1","Box G, Shelf 3C",,"$70 "
"1735","Turley","Estate","Zinfandel","2005","43.26","1","Box G",,
"2833","Turley","Dusi","Zinfandel","2014","46.23","1","Box CC",,
"1739","Turley","Estate","Petite Syrah","2005","43.26","2","Box F, Shelf 3C",,"$75 "
"1740","Turley","Rancho Burro","Zinfandel","2004","50.76","2","Box G, Shelf 3C",,
"2336","Turley","Duarte","Zinfandel","2010","37.37","1","Shelf 2R","2015","88"
"2976","Turley","Rattlesnake Ridge","Petite Syrah","2015","0.00","2","Box HH","   ","  "
"2742","Turley","Mead Ranch","Zinfandel","2013","43.00","2","Box AA",,
"2929","Dagueneau, D","Pur Sang","Sauvignon Blanc","2014","97.82","1","F10",,
"2958","Turley","Pesenti","Zinfandel","2012","37.63","3","Box FF",,
"2723","Dehlinger","Estate","Chardonnay","2009","0.00","3","home",,
"1747","Michael, Peter","La Carriere","Chardonnay (MAG)","2005","200.13","1","home",,
"1756","Years","CA Meritage Red",,"2003","59.53","1","G2",,
"2494","Turley","Mead Ranch","Zinfandel","2003","40.46","1","S-8",,
"1759","Whitcraft","French Camp","Lagrein","2003","32.33","2","IT",,
"1760","Whitcraft","French Camp","Lagrein","2004","32.33","2","IT",,
"1761","Whitcraft","Bien Nacido","Pinot Noir N Block","2004","48.49","2","IT",,
"1762","Whitcraft","Bien Nacido","Pinot Noir","2005","37.71","2","IT",,
"1763","Whitcraft","Aubaine","Pinot Noir","2005","53.88","2","IT",,
"1764","Whitcraft","Morning Dew Ranch","Pinot Noir","2005","53.89","2","IT",,
"1765","Whitcraft","Bien Nacido","Pinot Noir Q Block","2005","53.88","2","IT",,
"1766","Whitcraft","Bien Nacido","Pinot Noir N Block","2005","53.88","2","IT",,
"1767","Whitcraft","Melville","Pinot Noir","2005","53.88","2","IT",,
"2670","Williams Selyem","Russian River","Pinot Noir","2012","60.25","2","4D",,
"1771","El Nido Clio",,,"2003","43.09","2","IT",,
"2599","Edwards, Merry","Georganne","Pinot Noir","2011","63.95","1","14-S",,
"1782","Murray, Andrew","Clone 99","Syrah (MAG Signed)","2005","86.20","1","Shelf 2M",,
"1783","Dumol","RRV","Chardonnay","2005","54.79","2","I4",,
"1785","Dumol","RRV","Syrah","2005","60.18","2","11H",,
"2589","Turley","Old Vines","Zinfandel","2011","29.75","1","shelf 2R",,
"2815","Turley","Estate","Cabernet Sauvignon","2013","49.50","2","F11",,
"1791","Flora Springs",,"Sangiovese Rosato","2005","12.12","1","B4",,
"1792","Flora Springs","Club Selection","Cab. Sauv.","2004","34.31","1","S4","2014","87"
"1794","Flora Springs",,"Triogy","2003","62.46","1","3H",,
"1798","Chave, Jean-Loius","Mon Coeur Cotes Du Rhone","Rhone Red","2005","17.27","1","S1",,
"1801","Fichet","Tesson","Meursault","2005","75.72","1","9B",,
"1802","Fichet","Vieilles Vignes","Bourgogne Blanc","2005","26.98","1","9B(1)",,
"1803","Lopez De Heredia","Rioja","Spanish Red","1998","35.67","2","22Q, R",,
"1804","Useglio, Pierre Dom.",,"Chateauneufou-Pape","2005","43.25","2","home",,
"1805","Baumard","Quarts de Chaume","375ML","2005","40.59","1","small rack 2",,
"2795","Edwards, Merry","Sonoma Coast","Pinot Noir","2013","45.47","2","18A",,
"1807","Scherrer","Sonoma County","Chardonnay","2005","26.91","5"," 10B, 12P, S-9(1)",,
"1811","Dehlinger","Estate","Syrah","2004","50.82","2","home",,
"1813","Scherrer","Old & Mature Vines","Zinfandel","2006","22.25","4","Shelf 2M",,
"2396","Williams Selyem","Sonoma County","Pinot Noir","2009","56.76","1","6N",,
"2166","Dehlinger","See's Select","Chardonnay","2007","38.00","2","7U",,
"2988","Turley","Old Vines","Zinfandel","2015","29.81","4","MB10(1), MA15(1),MC15(1), MA14(1)",,
"2881","Fleurie, Robert (Dom.)","Cuvee Tradition","Burgundy","2014","19.35","6","S5, S2, F8",,
"2395","Williams Selyem","Russian River","Pinot Noir","2009","56.76","2","4O",,
"2237","Williams Selyem","Papera","Zinfandel","2008","56.63","1","10F"," "," "
"1828","Edwards, Merry","Meredith Est.","Pinot Noir","2005","58.19","2","14R",,
"1830","Montelena (Ch.)","Napa","Cab. Sauv.","2004","50.22","2","9I",,
"1831","Montelena (Ch.)","Napa","Chardonnay","2005","44.84","2","21C",,
"1833","Williams Selyem","Sonoma County","Pinot Noir","2004","0.00","2","13N",,
"1834","Petalos Del Bierzo",,"Chambolle-Musigny","2006","24.40","5","4P,13H(1), 15T",,
"1835","Pensees De Pallus","Chinon","Cab. Franc","2005","24.40","1","home",,
"1836","Dumol","Clare","Chardonnay","2005","68.89","1","4F",,
"1837","Dumol","Isobel","Chardonnay","2005","68.89","1","1P","now","ws95"
"2655","Prager","Chocolate Drizzle","Dessert Topping","2011","20.80","6","Small Rack 1, 2 &3 row-2",,
"2672","Williams Selyem","Terra de Promissio","Pinot Noir","2012","63.52","1","6I",,
"1841","Dumol","Jack Ro. Run","Syrah","2005","79.67","1","4F",,
"2928","Dagueneau, D","Blanc FumA de Pouilly","Sauvignon Blanc","2014","70.63","2","D4, B7",,
"2658","Kalyra","Santa Inez","Merlot","2010","18.65","1","S9",,
"1846","Michael, Peter","Ma Belle Fille","Chardonnay","2005","89.20","1","F1",,
"2781","Michael, Peter","Les Pavots","Meritage(MAG)","2012","220.00","1","S7",,
"2648","Williams Selyem","Road Neighbors","Pinot Noir","2011","68.43","2","7B; 16-Q",,
"2797","Edwards, Merry","Flax","Pinot Noir","2013","61.70","2","16O",,
"2932","Schramsberg","J. Schram","Brut","2008","120.00","1","S7","   ","  "
"2745","Turley","Estate","Zinfandel","2013","43.00","2","Box AA",,
"1851","Ridge","Lytton Springs","Zinfandel++","2005","62.77","1","TOP RIGHT",,
"1853","Williams Selyem","Bucher","Pinot Noir","2005","61.10","1","6H",,
"1854","Williams Selyem","Forchini","Zinfandel","2005","51.40","1","6H",,
"1855","Williams Selyem","Hawk Hill","Chardonnay","2005","52.40","1","4A",,
"1856","Williams Selyem","Heintz","Chardonnay","2005","52.48","1","4A",,
"1857","Williams Selyem","Peay","Pinot Noir","2005","61.10","1","8D",,
"1858","Williams Selyem","Vista Verde","Pinot Noir","2005","55.71","1","8D",,
"1859","Williams Selyem","Weir","Pinot Noir","2005","63.26","1","2E",,
"1863","Turley","Hayne","Zinfandel","2005","83.19","3","home",,"WS 88"
"2913","Turley","Old Vines","Zinfandel","2013","26.88","4","Box DD","   ","  "
"2946","Turley","Pesenti","Petite Syrah","2013","40.66","1","Box EE","   ","  "
"2952","Turley","Dogttown","Zinfandel","2012","40.85","2","Box GG",,
"1867","Turley","Ueberroth","Zinfandel","2005","54.23","1"," MD15",,
"2953","Turley","Fredericks","Zinfandel","2012","45.15","2","Box GG",,
"1870","Turley","Alban","Roussanne (375ml)","2004","43.51","2","home",,
"1871","Whitehall","Reserve","Cab. Sauv.","2004","81.19","1","4C",,
"1873","Whitehall","Napa","Cab. Sauv.","2004","43.30","1","4C",,
"1876","Whitehall","Bommarito","Cab. Sauv.","2005","21.66","1","7C",,
"1878","Shadows","La Frontiere","Red Blend","2004","51.96","2","home",,
"1881","Opus One",,"Meritage","2004","151.55","1","F-5",,
"2968","Turley","Dragon","Zinfandel","2015","0.00","2","Box HH","   ","  "
"2699","Turley","Dogtown","Zinfandel","2013","40.85","2","MA7",,
"1884","Scherrer","Sonoma Coast","Pinot Noir","2004","31.76","1","13F",,
"1886","Dehlinger","See's Select.","Chardonnay","2006","35.65","1","Shelf 1L",,
"1887","Dehlinger",,"Claret","2005","35.65","2","home",,
"1888","Dehlinger","Estate","Syrah","2005","46.42","2","22N",,
"2989","Turley","Salvador","Zinfandel","2015","43.76","1","Box S-shelf 2M",,
"1893","Granato","Foradori","ITALIAN RED","2004","60.32","3","IT",,
"2746","Turley","Rattlesnake Ridge","Petite Syrah","2012","47.30","2","Box AA",,
"1895","Williams Selyem","Central Coast","Pinot Noir","2006","36.43","1","home",,
"1896","Williams Selyem","Russian River","Pinot Noir","2006","51.51","2","12D",,
"1897","Williams Selyem","Sonoma Coast","Pinot Noir","2006","48.28","1","16N",,
"1898","Williams Selyem","Sonoma County","Pinot Noir","2006","39.66","1","16N",,
"2941","Edwards, Merry","Flax","Pinot Noir","2014","64.95","2","6J",,
"1900","Williams Selyem","Heintz","Chardonnay","2006","56.90","1","12J",,
"1901","Williams Selyem","Feeney","Zinfandel","2006","54.75","1","16M",,
"1902","Montelena (Ch.)","Napa","Zinfandel","2005","35.43","2","20E",,
"3018","Turley","Dusi","Zinfandel","2016","49.84","1","Box V",,
"2173","Edwards, Merry","Meredith Est.","Pinot Noir","2007","58.86","3","20(1), 2H(1), 1K(1)",,
"1907","Murray, Andrew","Brave Oak","Syrah","2005","15.16","2","10A",,
"1908","Murray, Andrew","Brave Oak","Eleven","2005","13.53","2","9A",,
"3015","Turley","Casa Nuestra","Red Wine","2016","46.55","1","Box V",,
"2912","Justin ","Viognier","Rhone White","2015","0.00","1","11K","    ","  "
"1917","Edwards, Merry","Olivet Lane","Pinot Noir","2006","64.65","1","home",,
"1918","Duckhorn","Migration Anderson","Pinot Noir","2006","36.82","1","S-1",,
"2702","Turley","Heminway","Zinfandel","2013","40.85","2","MD2",,
"3017","Turley","Duarte","Zinfandel","2016","38.89","1","BoxU",,
"2933","Murray, Andrew","Santa Maria Valley","Viognier","2016","18.75","1","in-transit","   ","  "
"1923","Montelena (Ch.)","Estate","Cab. Sauv.","2004","35.02","4","Small rack 3&4",,
"1925","Montelena (Ch.)","Estate","Cabernet (MAG)","2004","145.46","1","MC7",,
"1926","Dumol","RRV","Chardonnay","2006","57.86","2","home",,
"2744","Turley","Sadie Upton","Zinfandel","2013","43.00","2","in transit","  ","  "
"1929","Dumol","RRV","Syrah","2006","62.17","2","13T",,
"3032","Turley","WhiteCoat","White Blend","2017","0.00","4","Box U","  ","  "
"1931","Turley","Dragon","Zinfandel","2006","51.01","2","S-9",,
"1934","Turley","Grist","Zinfandel","2006","45.65","1","S8",,
"2998","Le Difese","Italian  ","Super Tuscan","2014","0.00","5","G3, A13, A14","   ","  "
"2999","OpusOne","  ","Meritage","2011","0.00","1","G11","   ","  "
"1937","Turley","Old Vines","Zinfandel","2006","29.56","2","Shelf 2L",,
"1938","Turley","Rattlesnake Ridge","Zinfandel","2006","45.65","2","S6",,
"1940","Turley","Vineyard 101","Zinfandel","2006","47.80","1","MC5",,
"1941","Turley","Tofanelli","Charbono","2006","32.78","2","home",,
"1942","Turley","Rattlesnake Ridge","Petite Syrah","2006","49.94","1","MD16",,
"1943","Turley","Estate","Petite Syrah","2006","43.51","1","MD14",,
"1946","Kistler","Hyde","Chardonnay","2005","140.17","1","14E",,"WS 89"
"1947","Kistler","Vine","Chardonnay","2005","107.09","1","S2",,"93ws"
"1948","Kistler","Kistler","Chardonnay","2005","144.23","1","10F",,"93WS"
"2685","Rivera Terranima","Puglia","Nero di Troia","2011","13.95","4","H4, 5","  ","  "
"2954","Turley","Hayne","Zinfandel","2012","80.63","2","Box GG",,
"1954","Scherrer","Russian River","Pinot Noir","2005","41.48","3","16R, 16S(1)",,
"1961","Cobb","Coastlands","Pinot Noir: Rice Spivak","2006","75.62","1","home",,
"1962","McCrea","Sonoma Mountain","Chardonnay","2006","75.00","2","IT",,
"2386","Gloria (Ch.)","St. Julien","Bordeaux","1996","100.00","1","6F","NOW","94+"
"1966","Murray, Andrew","Black Oak","Syrah (Mag signed)","2006","85.00","1","home",,
"1967","Phelps, Joseph","Innis Free","Cab. Sauvignon","2005","24.07","5","14O, S8, S5(1)",,
"1968","Scherrer","Old & Mature Vines","Zinfandel (MAG)","2006","0.00","1","MB15",,
"1969","Stony Hill","Napa","Chardonnay (MAG)","2004","42.23","1","MB4",,
"2970","Turley","Dusi","Zinfandel","2015","0.00","2","Box HH","   ","  "
"1971","Scherrer","Sonoma County","Pinot Noir","2006","36.80","3","2F, 2E(1)",,
"2832","Turley","Duarte","Zinfandel","2014","35.48","1","Box EE",,
"2643","Williams Selyem","Bucher","Pinot Noir","2011","67.34","1","20-K",,
"1978","Williams Selyem","Vista Verde","Pinot Noir","2006","61.85","1","11M",,
"1979","Williams Selyem","Flax","Pinot Noir","2006","61.85","1","18T",,
"1980","Williams Selyem","Ferrington","Pinot Noir","2006","70.47","1","15E",,
"1981","Williams Selyem","Hirsch","Pinot Noir","2006","81.24","1","11M",,
"2759","Williams Selyem","Olivet Lane","Chardonnay","2013","66.60","1","10M",,
"1984","Williams Selyem","Forchini","Zinfandel","2006","55.38","1","9B",,
"1985","Williams Selyem","Mistral","Port 375ml","2003","46.76","1","small top F4",,
"1986","Montelena (Ch.)","Napa","Cab. Sauv.","2005","50.39","2","4H",,
"1987","Montelena (Ch.)","Napa","Chardonnay","2006","47.15","2","19M",,
"1989","Dumol","Isobel","Chardonnay","2006","69.02","1","6D",,
"1991","Dumol","Aidan","Pinot Noir","2006","69.02","1","3L",,
"1992","Dumol","Jack Ro. Run","Syrah","2006","79.79","1","4K",,
"2992","Turley","Zampatti","Zinfandel","2015","43.76","1","Box S-shelf 2M",,
"1994","Dehlinger","Goldridge","Pinot Noir","2006","43.84","3","6F, 7J(1)",,
"3005","J Vineyard","Russian River Valley","Chardonnay","2014","36.00","1","S8","   ","  "
"1997","Dehlinger",,"Pinot Noir Rose","2007","17.65","2","Shelf 2",,
"2837","Turley","Rattlesnake Ridge","Zinfandel","2014","47.30","1","Box DD",,
"2001","Turley","Moore Earthquake","Zinfandel","2006","51.48","1","Box M Shelf 2L",,
"2002","Turley","Ueberroth","Zinfandel","2006","51.48","2","Shelf 3R/Box L",,
"2003","Turley","Library","Petite Syrah","2006","40.76","2","Box M, Shelf 2L",,
"2490","Turley","Fredericks","Zinfandel","2009","48.28","1","S8",,
"2005","Turley","Alban","Roussanne (375ml)","2005","40.76","2","small rack E1&2",,
"2006","Turley","Rancho Burro","Zinfandel","2005","48.26","6","Box M Shelf 3R",,
"2007","Gould Campbell","Porto","Vintage","1997","64.94","1","E-3","NOW",
"2008","Opus One",,"Meritage","2005","162.36","1","F-1",,
"2503","Williams Selyem","Drake","Chardonnay","2009","68.62","1","12M",,
"2012","Ramey","'Ritchie Vyd' RRV","Chardonnay","2005","64.60","1","4M",,
"3029","Domaine Simonnet-Febvre","French","Chablis","2012","38.31","3","in-transit","  ","  "
"2014","Ramey","'Hyde Vyd' Napa Valley","Chardonnay","2005","59.21","1","10G",,
"2015","Ramey","'Hudson Vyd' Napa Valley","Chardonnay","2005","59.21","1","10G",,
"2016","Foradori","Granato","Teroldego It. Red","2004","57.05","3","13O; home(1)",,
"2246","Dehlinger","Guadagni Bros","Zinfandel","2009","24.64","6","9A, 4C, 10C",,
"2740","Turley","Juvenile","Zinfandel","2013","21.50","3","Box BB(2) Box AA(1)",,
"2295","Tertre De Viaud (Ch.)","French","Bordeaux","2009","36.78","2","S-1",,
"2650","Williams Selyem","Hawk Hill","Chardonnay","2011","59.73","1","17-J",,
"2021","Michael, Peter","L'Espirit des Pavots","Cab. Blend","2005","106.36","1","14G",,
"2972","Turley","Estate","Zinfandel","2015","0.00","2","MD6,MD9","   ","  "
"2023","Michael, Peter","Mon Plaisir","Chardonnay","2006","90.20","2","home",,
"2024","Moulin H-Laro(Ch.)","Fronsac","Bordeaux","2005","19.76","5","17U,V, home",,
"3026","Turley","Rattlesnake Ridge","Petite Syrah","2016","50.93","1","Box U",,
"2314","Lafite-Rothschild (Ch.)","Pauillac","Bordeau","1986","89.00","1","F9","now","92"
"2353","Dumol","RRV","Pinot Noir","2010","69.82","1","S-2",,
"2657","Kalyra","Sticky Wicket","Guweiztraminer","2010","13.12","1","S9",,
"2898","Edwards, Merry","Cuvee August","Pinot Noir","2014","106.08","1","S6",,
"2899","Edwards, Merry","Russian River","Sauvignon Blanc","2015","36.80","4"," 3G, 2F",,
"2485","Hitching Post","Santa Inez","Pinot Noir","2007","48.94","1","D-1",,
"2041","Edwards, Merry","Meredith Est.","Pinot Noir","2006","58.94","3","15S, 14T(1)",,
"2917","Corsin Saint-Veran (Dom.)","Tirage Precoce","French Chardonnay","2015","24.72","4","H11-G8",,
"2852","Turcaud (Ch.)","French White","Semillion-Sauvignon Blend","2014","14.78","12","E7,  E9, C7 & A10",,
"2045","Williams Selyem","Central Coast","Pinot Noir","2007","40.17","1","12B",,
"2046","Williams Selyem","Westside Road","Pinot Noir","2007","75.72","1","3N",,
"2047","Williams Selyem","Russian River","Pinot Noir","2007","53.10","1","3N",,
"2048","Williams Selyem","Sonoma Coast","Pinot Noir","2007","48.79","1","10K",,
"2049","Williams Selyem","Sonoma County","Pinot Noir","2007","40.17","1","10K",,
"2052","Williams Selyem","Heintz","Chardonnay","2007","57.41","1","1B",,
"2053","Williams Selyem","Bacigalupi","Zinfandel","2007","55.25","1","2M",,
"2054","Williams Selyem","Feeney","Zinfandel","2007","55.25","1","2M",,
"2056","Montelena (Ch.)","Estate","Cab. Sauv.","2006","81.84","2","19J",,
"2843","Williams Selyem","Central Coast","Pinot Noir","2014","42.43","1","6R",,
"2058","Montelena (Ch.)","Estate","Zinfandel","2006","35.40","2","17C",,
"2061","Turley","Dragon","Zinfandel","2007","50.81","2","Box JJ",,
"3027","Turley","Estate","Petite Syrah","2016","46.55","1","Box U",,
"2064","Turley","Grist","Zinfandel","2007","45.45","1","Box K-",,
"2066","Turley","Mead Ranch","Zinfandel","2007","40.09","3","Box Q; ",,
"2067","Turley","Old Vines","Zinfandel","2007","29.36","1","home",,
"2069","Turley","Vineyard 101","Zinfandel","2007","47.60","1","MC10",,
"2070","Turley","Tofanelli","Charbono","2007","32.58","4","Box O, home(3)",,
"2851","Morgante","Sicily","Nero O'Avola","2011","16.12","4","E10-11",,
"2869","Edwards, Merry","Russian River","Pinot Noir (Mag)","2014","114.75","2","MB3-MB15",,
"2782","Michael, Peter","La Carriere","Cab. Blend","2012","98.00","1","S7","  ","  "
"2174","Edwards, Merry","Olivet Lane","Pinot Noir","2008","0.00","2","1C"," "," "
"2513","Williams Selyem","Russian River","Pinot Noir","2011","56.61","1","A-12",,
"2514","Williams Selyem","Olivet Lane","Pinot Noir","2011","84.90","1","C-2",,
"2084","Murray, Andrew","Reserve","Syrah (MAG)","2007","90.00","1","MA3",,
"2089","Dumol","RRV","Pinot Noir","2007","69.16","2","1F",,
"2090","Dumol","RRV","Syrah","2007","62.70","2","7K",,
"2236","Williams Selyem","Papera","Zinfandel","2008","56.63","1","10F"," "," "
"2093","Edwards, Merry","Olivet Lane","Pinot Noir","2007","65.25","2","5O",,
"2911","Justin ","Savant ","Syrah/Cab","2014","0.00","1","11L","   ","  "
"2097","Williams Selyem","Bucher","Pinot Noir","2007","63.19","1","12K",,
"2392","Williams Selyem","Central Coast","Pinot Noir","2009","43.73","1","home",,
"2942","Edwards, Merry","Meredith Estate","Pinot Noir","2014","68.20","2","7H",,
"2103","Williams Selyem","Hawk Hill","Chardonnay","2007","58.82","2","17K",,
"2105","Williams Selyem","Forchini","Zinfandel","2007","56.63","1","11E",,
"2109","Turley","Fredericks","Zinfandel","2007","48.08","1","MD1",,
"2110","Turley","Hayne","Zinfandel","2007","83.80","2","Box T",,
"2111","Turley","Moore Earthquake","Zinfandel","2007","54.57","1","S6",,
"2112","Turley","Pesenti","Zinfandel","2007","40.50","2","Box T",,
"2113","Turley","Salvador","Zinfandel","2007","43.75","2","Box T",,
"2114","Turley","Tofanelli","Zinfandel","2007","39.42","1","MD1",,
"2116","Turley","Zampatti","Zinfandel","2007","40.50","2","Box T",,
"2118","Turley","Library","Petite Syrah","2007","43.75","2","box T",,
"2119","Turley","Pesenti","Petite Syrah","2007","40.50","2","Box T",,
"2120","Williams Selyem","Bucher","Pinot Noir","2007","63.19","1","WV",,
"2121","Williams Selyem","Peay","Pinot Noir","2007","63.19","1","12K",,
"2122","Williams Selyem","Vista Verde","Pinot Noir","2007","63.19","1","10L",,
"2123","Williams Selyem","Flax","Pinot Noir","2007","63.19","2","12J",,
"2124","Williams Selyem","Weir","Pinot Noir","2007","65.38","1","11E",,
"2125","Williams Selyem","Papera","Zinfandel","2007","56.63","1","15L",,
"3002","Winter's Hill","Watershed","Pinot Noir","2015","21.44","8","A3(4), D7&D9",,
"2127","Dumol","RRV","Chardonnay","2004","53.99","2","H2",,
"2812","Justin","Right Angle","Bordeau Blend","2013","26.16","1","S6",,
"2129","Montelena (Ch.)","Napa","Cab. Sauv.","2006","55.50","2","2K",,
"2130","Montelena (Ch.)","Napa","Chardonnay","2007","56.58","2","1A",,
"2131","Williams Selyem","Central Coast","Pinot Noir","2008","40.62","1","17G",,
"2132","Williams Selyem","Russian River","Pinot Noir","2008","53.77","2","19I",,
"2134","Williams Selyem","Sonoma Coast","Pinot Noir","2008","53.77","1","18L",,
"2135","Williams Selyem","Sonoma County","Pinot Noir","2008","40.62","1","16J",,
"2136","Williams Selyem","Allen ","Chardonnay","2008","58.16","1","10J",,
"2137","Williams Selyem","Heintz","Chardonnay","2008","58.16","1","10J",,
"2138","Williams Selyem","Bacigalupi","Zinfandel","2008","58.16","1","18L",,
"2669","Williams Selyem","Sonoma County","Pinot Noir","2012","46.10","1","11J",,
"2991","Turley","Whitney Tennessee","Zinfandel","2015","45.90","1","Box S-shelf 2M",,
"3008","Gainey","Lim. Selecton","Pinot Noir","2014","0.00","6","6D &E, 7E","  ","  "
"2143","Dehlinger",,"Claret","2007","35.59","1","home",,
"2144","Dehlinger","Goldridge","Syrah","2007","35.59","1","6E",,
"2145","Dehlinger","East Face","Syrah","2006","55.21","1","home",,
"2146","Dehlinger","Estate","Pinot Noir","2007","48.34","2","home",,
"2148","Turley","Dragon","Zinfandel","2008","48.71","2","Box R, Shelf 2ML",,
"3010","Turley","Presenti","Petite Syrah","2008","0.00","1","home","  ","  "
"2150","Turley","Dusi","Zinfandel","2008","45.40","2","Box R, Shelf 2ML",,
"2151","Turley","Grist","Zinfandel","2008","43.30","2","Box R, Shelf 2ML"," "," "
"2153","Turley","Mead Ranch","Zinfandel","2008","37.89","2","Box R, Shelf 2L",,
"2154","Turley","Rattlesnake Ridge","Zinfandel","2008","43.30","1","Shelf 2ML",,
"2155","Turley","Estate","Zinfandel","2008","41.14","1","Box R, Shelf 2ML",,
"2157","Turley","Tofanelli","Charbono","2008","30.31","1","Box R, Shelf 2ML"," "," "
"2158","Turley","Rattlesnake Ridge","Petite Syrah","2008","47.63","1","S4",,
"2159","Turley","Estate","Petite Syrah","2008","41.14","1","Box R, Shelf 2ML",,
"2701","Turley","Hayne","Zinfandel","2013","80.62","1","MB4",,
"2162","DuMol","RRV","Syrah","2008","62.82","1","12I",,
"2165","Dehlinger","Goldridge","Pinot Noir","2007","52.55","2","6T",,
"3001","Silver Oak","Napa Valley","Cab. Sauv.","2011","0.00","1","D10","   ","  "
"2521","Scherrer","Shale Terrace","Zinfandel","2009","20.33","2","8U","  ","  "
"2735","Turley","Bedrock","Zinfandel","2013","38.70","1","Box BB",,
"2183","Scherrer","Russian River","Pinot Noir","2007","45.07","1","A1",,
"2184","Scherrer","Sonoma County","Pinot Noir","2007","39.62","2","7I",,
"2185","Williams Selyem","Bucher ","Pinot Noir","2008","62.26","1","6b",,
"2186","Williams Selyem","Vista Verde","Pinot Noir","2008","62.26","1","12L",,
"2187","Montelena (Ch.)","Napa","Cab. Sauv.","2007","50.99","2","9G",,
"2189","Montelena (Ch.)","Napa","Cabernet Franc","2007","34.29","1","5H",,
"2190","Montelena (Ch.)","Napa","Petite Syrah","2007","31.01","1","5H",,
"2191","Turley","Cedarman","Zinfandel","2008","34.45","1","Box S/2L",,
"2192","Turley","Dogtown","Zinfandel","2008","44.33","3","Box S/2L(S), Box P(1)",,
"2193","Turley","Fredericks","Zinfandel","2008","48.72","2","Box P",,
"2194","Turley","Hayne","Zinfandel","2008","84.94","3","Box P(2), S4",,
"2195","Turley","Moore Earthquake","Zinfandel","2008","55.31","1","Box P",,
"2196","Turley","Pesenti","Zinfandel","2008","41.04","3"," 2L, Box P(1),home",,
"2197","Turley","Salvador","Zinfandel","2008","44.33","2","home",,
"2198","Turley","Tofanelli","Zinfandel","2008","39.94","2","Box S/2L",,
"2199","Turley","Ueberroth","Zinfandel","2008","55.31","1","Box S/2L",,
"2200","Turley","Zampatti","Zinfandel","2008","41.04","2"," 2L, Box P(1),home",,
"2201","Turley","Hayne","Petite Syrah","2008","84.94","1","Box P",,
"2202","Turley","Library","Petite Syrah","2008","44.33","3","Box P, S9(2)",,
"2204","Edwards, Merry","Sonoma Coast","Pinot Noir","2008","39.24","3","1L(2), 3G(1)",,
"2205","Edwards, Merry","Sonoma Coast","Pinot Noir (MAG)","2008","91.56","1","MB8/H",,
"2206","Edwards, Merry","Russian River","Pinot Noir","2008","45.78","1","S4",,
"2930","Dagueneau, D","Silex","Sauvignon Blanc","2014","125.00","1","H4",,
"2810","Justin","Justification","Rhone Blend","2013","43.20","1","S6",,
"2209","Edwards, Merry","Meredith Est.","Pinot Noir","2008","58.86","2","4G",,
"2210","Edwards, Merry","Klopp Ranch","Pinot Noir","2008","62.13","2","5N",,
"2649","Williams Selyem","Foss","Pinot Noir","2011","62.99","1","6-O",,
"2213","DuMol","Clare","Chardonnay","2008","68.92","1","5F",,
"2214","DuMol","Isobel","Chardonnay","2008","68.92","1","home",,
"2219","Turley","Ueberroth","Zinfandel","2007","54.57","2","MB5-1, home-1",,
"2244","Ponzi","Reserve","Pinot Noir","2008","67.91","1","S6","2016","88"
"2278","Michael, Peter","Mon Plaisir","Chardonnay","2009","91.36","1","home",,
"2945","Roederer","French","Champagne","2009","200.00","1","home","   ","  "
"2651","Williams Selyem","Peay","Pinot Noir","2011","67.34","1","20-I",,
"2279","Montelena (Ch.)","Estate","Cab. Sauv.","2008","83.12","2","F-18",,
"2281","Dehlinger","Guadagni Bros","Petite Sirah/Zin","2009","30.53","4"," 12C, 13A",,
"2389","Michael, Peter","Les Pavots","Meritage","1995","100.00","2","4L","2015","90+"
"2286","Edwards, Merry","Russian River","Pinot Noir","2009","45.36","4","17 H,I? 15I(1)",,
"2287","Edwards, Merry","Meredith Est.","Pinot Noir","2009","61.56","2","9H",,
"2288","Edwards, Merry","Klopp Ranch","Pinot Noir","2009","61.56","2","11G",,
"2289","Edwards, Merry","Flax","Pinot Noir","2009","58.32","4","14C, 14F",,
"2290","Edwards, Merry","Georganne","Pinot Noir","2009","54.00","4","14K, 15J",,
"2291","Edwards, Merry","Olivet Lane","Pinot Noir","2009","64.80","2","8H",,
"2985","Turley","Hayne","Zinfandel","2015","83.44","2","MC1",,
"2983","Turley","Dogttown","Zinfandel","2015","45.90","1","MA2",,
"2965","Turley","Old Vines","Zinfandel","2012","26.88","6","WV","   ","  "
"2883","Turley","Cedarman","Zinfandel","2014","34.56","1","Box XX",,
"2529","Turley","Juvenile","Zinfandel","2011","21.50","3"," MD6, 2for Tam",,
"2563","Hafner","Alexander Valley","Chardonnay Reserve","2009","19.57","1","D-1","   ","   "
"2847","Williams Selyem","Unoaked","Chardonnay","2014","42.43","2","S5",,
"2305","Turley","Dogtown","Zinfandel","2009","43.93","1","S6",,
"3020","Turley","Kirschenmann","Zinfandel","2016","41.08","1","Box U",,
"2312","Ridge","Lytton Springs","Zinfandel","2002","32.00","2","D5",,
"2403","Opus One",,"Meritage","2008","180.00","2","S3","2027","94"
"2726","Williams Selyem","Bacigalupi","Zinfandel","2012","63.28","1","16K",,
"2975","Turley","Mead Ranch","Zinfandel","2015","0.00","2","Box JJ","   ","  "
"2333","Murray, Andrew","Watch Hill","Syrah(MAG)","2010","90.00","1","MB 8/H","2013","88"
"2793","Edwards, Merry","Russian River","Sauvignon Blanc","2014","34.64","1","9L",,
"2559","Turley","Dogtown","Zinfandel","2010","47.93","2","MA-4","  ","  "
"2840","Turley","Vineyard 101","Zinfandel","2014","45.15","1","Box CC",,
"2325","Perrier Jouet","Eperay","Brut","2000","137.00","1","S7","2020","93"
"2326","Dutton Goldfield","Freestone Hill","Pinot Noir","2009","63.08","2","I18",,
"2327","Dutton Goldfield","Dutton Ranch","Pinot Noir","2009","41.32","1","I17",,
"2328","Dutton Goldfield","Rued Vineyard","Chardonnay","2009","48.94","1","H4",,
"2790","Williams Selyem","Bucher","Pinot Noir","2013","67.41","1","13H",,
"2791","Williams Selyem","Allen","Chardonnay","2013","66.32","1","9K",,
"2337","Turley","Dusi","Zinfandel","2010","48.25","1","MC9",,
"2338","Turley","Grist","Zinfandel","2010","46.07","1","WV",,
"2339","Turley","Juvenile","Zinfandel","2010","24.32","3","Shelf 2R& (2) MA11",,
"2340","Turley","Mead Ranch","Zinfandel","2010","40.63","1","MB11",,
"2342","Turley","Rattlesnake Ridge","Zinfandel","2010","46.07","1","Shelf 2R",,
"2343","Turley","Estate","Zinfandel","2010","43.90","2","MD11",,
"2344","Turley","Tofanelli","Charbono","2010","33.02","1","Shelf 2R",,
"2345","Turley","Rattlesnake Ridge","Petite Syrah","2010","50.42","1","Shelf 2R",,
"2346","Turley","Estate","Petite Syrah","2010","43.90","1","Shelf 2R",,
"2348","Dutton Goldfield","Dutton Ranch","Chardonnay","2010","35.63","1","I16",,
"2564","Koehler","Italian Red","Sangiovese","2009","25.92","2","C7)",,
"2352","Dutton Goldfield","Cherry Ridge","Syrah","2009","44.81","1","D-3",,
"2354","Koehler","Red Quartette","Blend","2009","19.01","2","6O/H",,
"2890","Turley","Salvador","Zinfandel","2014","41.04","1","Box DD",,
"2877","Paring (The)","Central Coast","Bordeaux Blend","2012","27.00","6","E13-15","  ","  "
"2357","Koehler","Reserve","Cab Sauv","2007","47.52","2","E-3",,
"2675","Turley","Duarte","Zinfandel","2012","37.88","2","MA6,MC6",,
"2863","Edwards, Merry","Olivet Lane","Pinot Noir","2014","73.60","4","1C, C5",,
"2864","Edwards, Merry","Coopersmith","Pinot Noir","2014","71.44","4","5J, D5",,
"2361","Demetria","North Slope","Syrah","2009","31.97","1","S-9",,
"2362","Dumol","Russian River","Chardonnay","2010","58.43","1","S-1",,
"2364","Dehlinger",,"Claret","2009","41.33","2","9R",,
"2365","Dehlinger","Goldridge","Syrah","2009","44.03","2","8R",,
"2366","Dehlinger","Altamont Vineyard","Old Vines Pinot Noir","2009","65.63","1","8I",,
"2367","Dehlinger","High Plains","Pinot Noir","2009","65.63","1","8I",,
"3004","Gainey ","Lim. Selection","Merlot","2015","42.32","2","S2","   ","  "
"2369","Dehlinger",,"Claret","2008","41.33","3","home",,
"2653","Williams Selyem","Weir","Pinot Noir","2011","66.25","1","20-K",,
"2463","Murray, Andrew","Reserve","Syrah (MAG)","2009","92.41","1","H-top",,
"2372","Edwards, Merry","Olivet Lane","Pinot Noir","2010","66.96","1","15I",,
"2373","Edwards, Merry","Coopersmith","Pinot Noir","2010","64.80","1","13P",,
"2986","Turley","Heminway","Zinfandel","2015","43.76","1","MB9",,
"2375","Edwards, Merry","Georganne","Pinot Noir","2010","61.56","3","14P, 14O(1)",,
"2984","Turley","Fredericks","Zinfandel","2015","48.05","1","MC2",,
"2377","Edwards, Merry","Russian River","Pinot Noir","2009","45.36","1","15I",,
"2853","Phinney, Dave","CA4","Zinfandel+++","2014","25.80","6","S4",,
"2379","Murray, Andrew","Thompson Vineyard","Syrah (MAG)","2010","85.00","1","MB 3","2017","88"
"2475","Brane-Cantenac (Ch.)","Margaux","Bordeaux","1999","29.99","2","G2",,
"3016","Turley","Dragon","Zinfandel","2016","52.03","1","Box V",,
"2387","Haut-Bages Averour (Ch)","French","Bordeaux","1995","35.99","1","home",,
"2388","Heidsieck","Monopole","Champagne","2000","78.00","1","Shelf 1R","NOW","89"
"2530","Turley","Mead Ranch","Zinfandel","2011","37.63","1","shelf 2M",,
"2390","Myrat (Ch.)","French","Sauternes","2001","35.00","1","home",,
"2861","Justin","Isosceles","Rhone Blend","2013","61.04","2","F13, I7",,
"2885","Turley","Fredricks","Zinfandel","2014","45.36","1","Box XX",,
"2400","Ancient Coast","Vidal","Icewine","2003","22.00","1","S7",,
"2554","Dutton Goldfield","Dutton Ranch","Chardonnay","2011","35.00","1","D-2",,
"2527","Turley","Dusi","Zinfandel","2011","45.15","1","shelf 2M",,
"2872","Murray, Andrew","Roasted Slope","Syrah (Mag)","2014","93.00","1","MC7","  ","  "
"2409","Justin","Paso Robles","Sauvignon Blanc","2011","14.48","3","S-4",,
"2410","Justin","Reserve","Tempranillo","2009","43.44","1","B-5",,
"2411","Williams Selyem","Forchini","Zinfandel","2009","57.88","1","3O",,
"2978","Turley","Sadie Upton","Zinfandel","2015","0.00","2","Box JJ","   ","  "
"2416","Dunning Vineyards","Private Reserve","Zinfandel","2010","41.04","1","S -5","2015","90"
"2417","Dunning Vineyards","Reserve","Petite Sirah","2010","47.98","1","C-4",,
"2820","Scherrer","Sonoma County","Chardonnay(Mag)","2004","0.00","1","MC11","  ","  "
"2528","Turley","Grist","Zinfandel","2011","43.00","1","shelf 2M",,
"2673","Williams Selyem","R.R. Unoaked","Chardonnay","2012","46.10","1","home",,
"2532","Turley","Estate","Zinfandel","2011","40.85","1","MB14",,
"2919","Des Terres de Chatenay(Dom.)","French","White Burgundy","2015","22.52","6","in-transit","   ","  "
"2924","Carlisle","The Derivative","White Bordeau","2014","27.88","6","B10; B13; C16",,
"2520","Scherrer","Shale Terrace","Zinfandel","2005","17.10","2","Shelf 2M","   ","   "
"2495","Turley","Pesenti","Petite Syrah","2009","40.66","1","S5",,
"2600","Edwards, Merry","Coopersmith","Pinot Noir","2011","67.20","1","14-H",,
"2491","Turley","Hayne","Petite Syrah","2009","84.16","1","Shelf 3L",,
"2668","Williams Selyem","Central Coast","Pinot Noir","2012","46.10","1","11J",,
"2428","Montelena (Ch.)","Napa","Cab. Sauv.","2008","50.99","2","10D",,
"2429","Montelena (Ch.)","Napa","Chardonnay","2009","52.06","2","8Q",,
"2865","Edwards, Merry","Coopersmith","Pinot Noir (Mag)","2014","156.96","1","MB11",,
"2660","Kalyra","Santa Inez","Sauvignon Blanc","2012","13.12","1","S9",,
"2661","Kalyra","Sticky Wicket","Verdelho","2012","13.12","1","S7",,
"2541","Dehlinger","Altamont","Pinot Noir","2010","66.20","1","H9",,
"2540","Dehlinger",,"Claret","2010","41.84","1","H8",,
"2539","Dehlinger","Estate","Chardonnay","2010","41.84","2","I-3 & I-4",,
"2763","Four Brix","Smitten","Viognier","2013","25.15","2","C3",,
"2828","Turley","White Coat","White Blend","2015","30.10","1","Box EE",,
"2809","Justin","Isosceles","Rhone Blend","2012","61.04","2","F15",,
"2659","Kalyra","Santa Inez","Scheurebe","2012","15.19","1","S9",,
"2534","Turley","Rattlesnake Ridge","Petite Syrah","2011","47.30","1","MB-11",,
"2535","Turley","Estate","Petite Syrah","2011","40.85","1","MD-9",,
"2644","Williams Selyem","Calegari","Pinot Noir","2011","62.99","1","9-N",,
"2656","Kalyra","Nv Black","Muscat","2010","11.74","1","S-drawer",,
"2866","Edwards, Merry","Georganne","Pinot Noir","2014","68.20","4","11R,S6 ",,
"2446","Dutton Goldfield","Devil's Gulch","Pinot Noir","2010","56.74","1","H-11",,
"2448","Dutton Goldfield","Rued","Chardonnay","2010","49.40","2","F-10",,
"2925","Colome","Argentina","Torrontes","2016","12.99","8","S3",,
"2450","Turley","Cedarman","Zinfandel","2010","34.14","2","MA-10",,
"2760","Turley","Juvenile","Zinfandel","2013","27.98","3","MA14,MB13,MC6",,
"2452","Turley","Fredericks","Zinfandel","2010","48.27","1","MB-12",,
"2453","Turley","Hayne","Zinfandel","2010","84.16","1","MC-3",,
"2454","Turley","Heminway","Zinfandel","2010","35.22","2","MA-9",,
"2455","Turley","Pesenti","Zinfandel","2010","40.66","1","MA-12",,
"2456","Turley","Salvador","Zinfandel","2010","43.92","1","MA-3",,
"2457","Turley","Tofanelli","Zinfandel","2010","39.57","1","MA12",,
"2458","Turley","Ueberroth","Zinfandel","2010","54.80","1","MB-7",,
"2459","Turley","Hayne","Petite Syrah","2010","84.16","1","MC-3",,
"2460","Turley","Library","Petite Syrah","2010","43.92","1","S5",,
"3025","Turley","Vineyard 101","Zinfandel","2016","50.93","1","in-transit","    ","  "
"2462","Justin","Paso Robles","Cabernet","2010","24.13","2","B-4",,
"2963","Turley","Library","Petite Syrah","2012","45.15","2","Box FF",,
"2846","Williams Selyem","Terra de Promissio","Pinot Noir","2014","63.10","1","6R",,
"2729","Williams Selyem","Calegari","Pinot Noir","2012","63.28","1","3F",,
"2969","Turley","Duarte","Zinfandel","2015","0.00","2","Box HH","   ","  "
"2676","Turley","Dusi","Zinfandel","2012","48.78","2","Box JJ",,
"2876","Schramsberg","Napa","Brut Rose","2012","0.00","1","MD6","  ","  "
"2473","Schramsberg","Calistoga","Blanc de Blanc","2013","28.29","1","home",,
"2900","Edwards, Merry","Russian River","Sauvignon Blanc(Mag)","2015","81.19","1","in-transit","   ","    "
"2964","Turley","Pesenti","Petite Syrah","2012","37.63","1","WV","   ","  "
"2862","Edwards, Merry","Olivet Lane","Chardonnay","2013","64.95","1","19Q",,
"2926","Granville - Lacoste","French","Graves Blanc","2014","18.40","5","S5-3; H7-2",,
"2741","Turley","Kirschenmann","Zinfandel","2013","34.40","2","Box BB",,
"2918","Lamothe  (Ch.)","French","Bordeaux Blanc","2015","15.59","3","A5-A6",,
"2551","Ricard, Vincent (Dom.)","Cuvee Les Trois","Chenes Touraine","2011","19.61","3","in-transit","  ","    "
"2586","Turley","Fredericks","Zinfandel","2011","48.28","1","shelf 2R",,
"2486","Pavillon Rouge (Ch.)","Margaux","Bordeaux","1986","77.81","1","F3","now","90"
"2487","Prager","Napa","Cabernet Sauv.","1995","43.50","1","E2","2015","88"
"2488","Ridge","Geyserville","Zinfandel","1993","18.43","2","E5",,
"2867","Edwards, Merry","Georganne","Pinot Noir (Mag)","2014","149.39","1","MB16",,
"2921","Girard, Anthony & David (Dom.)","Sancerre","Sauvignon Blanc","2015","28.07","4","A16-A17",,
"2905","Matthiasson","Napa","White Blend","2014","38.70","4","home",,
"2504","Williams Selyem","Forchini","Zinfandel","2009","57.88","1","12O",,
"2505","Williams Selyem","Hawk Hill","Chardonnay","2009","57.88","1","12M",,
"2506","Williams Selyem","Papera","Zinfandel","2009","56.63","2","12N","2016","90"
"2507","Williams Selyem","Peay","Pinot Noir","2009","63.19","1","17F","2016","90"
"2542","Dehlinger","Two Years Sur Lie","Chardonnay","2009","53.21","1","H7",,
"2993","Turley","Hayne","Petite Syrah","2015","83.44","1","in-transit","   ","  "
"2544","Dehlinger","Frei Road","Syrah","2009","53.21","1","H9",,
"2587","Turley","Hayne","Zinfandel","2011","84.25","1","shelf 2R",,
"2889","Turley","Old Vines","Zinfandel","2014","27.00","3","Box XX(1), MA5",,
"2888","Turley","Judge Bell","Zinfandel","2014","34.56","1","Box XX",,
"2558","Dutton Goldfield","Azaya Ranch","Pinot Noir","2011","58.00","1","F-14",,
"2887","Turley","Heminway","Zinfandel","2014","41.04","1","Box XX",,
"2568","Lynch-Bages (Ch.)","Pauillac","Bordeaux","2008","100.00","1","I-5",,
"2569","Montelena (Ch.)","Estate","Cab. Sauv.","2002","48.30","1","F-17",,
"2570","Murray, Andrew","Estate","Viognier","2012","21.60","3","I 6, 7, 8",,
"2571","Murray, Andrew","Tous les Jours","Syrah","2011","14.69","2","G-top",,
"2572","Murray, Andrew","Watch Hill","Syrah (MAG)","2011","100.00","1","A/B top",,
"2573","Ramey","Carneros","Chardonnay","2007","0.00","1","F-6","  ","   "
"2868","Edwards, Merry","Russian River","Pinot Noir","2014","51.96","9","13C-19Q-1G-1H-G5",,
"2575","Tensley","Colson Canyon","Syrah","2011","0.00","2","I-15","   ","   "
"2576","Tensley","Lea","Pinot Noir","2011","0.00","2","G-7","   ","   "
"2884","Turley","Dogtown","Zinfandel","2014","43.20","2","MA6,MA8",,
"2578","Koehler","Le Trois Cepages","GSM","2009","36.00","1","C-9",,
"2783","Edwards, Merry","Olivet Lane","Chardonnay","2012","64.95","2","home",,
"2979","Turley","Vineyard 101","Zinfandel","2015","0.00","1","MA2","   ","  "
"2980","Turley","White Coat","White Blend","2016","0.00","1","Box V",,
"2605","Edwards, Merry","Russian River","Pinot Noir","2011","51.04","3","10-Q (1)-13-Q",,
"3034","Nichols","Newborn","Pinot Noir","2016","19.60","9","1home, 2E2, 2H2, 2A5, 2B12","  ","  "
"3031","Scherrer","Sonoma Coast","Pinot Noir","2000","0.00","1","home","  ","  "
"2607","Edwards, Merry","Flax","Pinot Noir","2011","60.79","2","9-Q",,
"2609","Edwards, Merry","Klopp Ranch","Pinot Noir","2011","64.03","2","4-Q",,
"2613","Murray, Andrew","Stolpman","Syrah  ( Mag)","2011","90.00","1","MC8",,
"2612","Montelena (Ch.)","Napa","Chardonnay","2010","38.40","3","6J, 6K(1)",,
"2614","Dehlinger","Estate","Chardonnay","2010","38.09","3","H10",,
"2615","Dehlinger","60/40 Blend","Zinfandel/Petite Syrah","2011","30.72","3","18E, 19N(1)",,
"2617","Dehlinger","Goldridge","Pinot Noir","2011","48.41","3","6P, 11K(1)",,
"2618","Dehlinger","Estate","Cabernet Sauvignon","2010","50.37","1","17G",,
"2619","St. Supery","Elu","Cab Blend","2010","52.81","2","2-V",,
"2620","St. Supery","Dollarhide","Sauvignon Blanc","2012","29.92","1","home",,
"2621","St. Supery","Ruth","Merlot","2009","41.37","2","2-U",,
"2622","St. Supery","Elevation","Cabernet Sauvignon","2010","52.81","2","2-T",,
"2698","Turley","Cedarman","Zinfandel","2013","31.18","2","MD13",,
"2697","Scherrer","Shale Terrace","Zinfandel","2013","26.02","3","17Q, 21M(1)",,
"2943","Edwards, Merry","Klopp Ranch","Pinot Noir","2014","71.44","2","in-transit","   ","  "
"2725","Williams Selyem","Allen","Chardonnay","2012","63.28","1","4F",,
"2629","Turley","Label","Cabernet Sauvignon","2011","46.60","2","13-C",,
"2630","Prager","Napa","Port","2009","52.15","1","Shelf 2R",,
"2631","Prager","Royal Escort","Port","2009","66.84","1","Shelf 2R",,
"2632","Prager","Sweet Clair","Dessert Wine","2009","28.82","1","Shelf 2R",,
"2633","Prager","Tawny","Port","2009","69.43","1","Small Rack col 2, row 1",,
"2634","Prager","Club Reserve","Port","2007","60.79","1","home",,
"2731","Williams Selyem","Peay","Pinot Noir","2012","67.63","1","3E",,
"2914","Turley","Pesenti","Zinfandel","2013","40.30","1","Box DD",,
"2682","Ancient Peaks","Paso Robles","Cab. Sauv.","2011","15.20","4","I 8&9",,
"2996","Caymus","Special Selection","Cab. Sauv.","2012","0.00","1","C4","   ","  "
"2684","Dehlinger",,"Pinot Noir Rose","2013","0.00","4","Shelf 2R(2), home(2)",,
"2703","Turley","Judge Bell","Zinfandel","2013","34.40","2","Box CC",,
"2704","Turley","Old Vines","Zinfandel","2012","26.88","6","Box FF",,
"2705","Turley","Pesenti","Zinfandel","2012","37.62","3","in-transit",,
"2706","Turley","Salvador","Zinfandel","2012","40.85","2","WV",,
"2707","Turley","Ueberroth","Zinfandel","2012","51.60","2","in-transit",,
"2708","Turley","Zampatti","Zinfandel","2013","40.85","1","MA7",,
"2709","Turley","Hayne","Petite Syrah","2013","80.62","1","MC12",,
"2710","Turley","Library","Petite Syrah","2013","45.15","1","MC14",,
"2711","Turley","Pesenti","Petite Syrah","2012","37.62","1","in-transit",,
"2712","Edwards, Merry","Late Harvest","Sauvignon Blanc","2012","48.70","1","small rack 3",,
"2858","Justin","Paso Robles","Rose","2015","17.44","1","S6",,
"2845","Williams Selyem","Sonoma Coast","Pinot Noir","2014","59.84","1","8M",,
"2714","Edwards, Merry","Russian River","Sauvignon Blanc (MAG)","2013","75.78","1","in-transit",,
"2715","Edwards, Merry","Russian River","Pinot Noir","2012","48.71","2","11F",,
"2716","Edwards, Merry","Flax","Pinot Noir","2012","58.46","2","13L",,
"2717","Edwards, Merry","Meredith Est.","Pinot Noir","2012","61.70","2","17M",,
"2718","Edwards, Merry","Klopp Ranch","Pinot Noir","2012","64.95","1","5F",,
"2719","Turley","White Coat","White Blend","2012","40.85","1","shelf 2L",,
"2720","Turley","Juvenile","Zinfandel(Mag)","2005","91.38","2","shelf 1R",,
"2721","Ausonia","Apollo","Italian red","2012","17.20","4","C5,6",,
"2749","Michael, Peter","Belle Cote","Chardonnay","2013","102.90","1","S4",,
"2750","Michael, Peter","La Carriere","Chardonnay","2013","102.90","1","S9",,
"2751","Scherrer","Old & Mature Vines","Zinfandel","2013","26.02","3","16L,18N(1)",,
"3003","Gainey ","Lim. Selection","Pinot Noir","2015","50.99","1","S2","   ","  "
"2753","Williams Selyem","Central Coast","Pinot Noir","2013","45.93","2","3M",,
"2754","Williams Selyem","Sonoma County","Pinot Noir","2013","45.93","1","2J",,
"2755","Williams Selyem","Russian River","Pinot Noir","2013","60.07","2","3U",,
"2756","Williams Selyem","Sonoma Coast","Pinot Noir","2013","60.07","1","home",,
"2757","Williams Selyem","Terra de Promissio","Pinot Noir","2013","66.60","1","6O",,
"2758","Williams Selyem","R.R. Unoaked","Chardonnay","2013","45.93","2","13J",,
"2764","Four Brix","Scosso","Super Tuscan","2011","38.70","2","G1",,
"2765","Michael, Peter","Coeur a Coeur","Semillon Blend","2013","97.45","1","S4",,
"2767","Justin","Justification","Rhone Blend","2012","44.00","1","S5",,
"2768","Justin","Paso Robles","Cabernet Sauvignon","2013","23.10","1","S6",,
"2966","Turley","Buck Cobb","Zinfandel","2015","0.00","2","Box HH","   ","  "
"2770","Justin","Paso Robles","Sauvignon Blanc","2014","12.10","1","S2",,
"2799","Edwards, Merry","Meredith Estate","Pinot Noir","2013","64.95","2","B0",,
"2772","Edwards, Merry","Olivet Lane","Chardonnay(Mag)","2012","152.63","1","MB2",,
"2773","Edwards, Merry","Olivet Lane","Pinot Noir","2013","70.36","2","2N",,
"2774","Edwards, Merry","Olivet Lane","Pinot Noir(Mag)","2013","158.06","1","MB8",,
"2775","Edwards, Merry","Coopersmith","Pinot Noir","2013","68.20","2","6C",,
"2776","Edwards, Merry","Georganne","Pinot Noir","2013","64.95","2","11Q",,
"2777","Edwards, Merry","Russian River","Pinot Noir","2013","51.96","3","20L,1K",,
"2778","Edwards, Merry","Russian River","Pinot Noir(Mag)","2013","114.75","1","MB10",,
